identificacion,saldo,id_fecha
R6XC1HPW2F2OYGFS2,3983478,28
7AQPGU50TED28A7G6,4163361,28
EX2GMK7UHXBM6P2OW,6760569,7
V1SRV6QGJWWC8JVW0,1461567,2
PQHMTD7TS2Q7AM9C6,4992649,9
LYQEIHF686T8C6FUH,4741768,3
BJSA6PK9IP3QNY0GU,209548,20
VZPJAHRX89B2CPA40,3476983,19
V2NG3GK779G8J7A0S,5596444,16
XT6P8GPRWDSJSYZKR,3952135,1
7PLLCJPG8BTDR1ND3,6041243,20
5CS7MKN5CCCZTYEH8,3543527,2
9IL03MCKH41ZX8EVC,6228618,16
XT6P8GPRWDSJSYZKR,2482169,20
79KX9A87LHVX4DRM4,4427164,12
DJXLPRMY5ZZMANLU6,3258713,6
IHBDM8XWHP0LUZ7NR,3877614,19
51UQ4XPBN39O7QIOO,4669229,5
4M67RWDJ0PY180OMY,6568608,6
9DQS2WEXYFKHTNXUB,6399141,8
9F27PNL29KIWUI8V1,131366,25
ZBRHGSC2D0501QLTX,1983012,6
THJ9OBJH3W6ANRCMS,1690007,17
FA2OC6FGIMI4S37PU,6413862,10
ORSVN3W6R6KI4L6K7,3414664,3
C89YVYS8RINE8LHLO,6695459,21
VNTN2FOUQHBSVRLKZ,5865615,4
LATSV8PKLN0G0XSCQ,1319144,19
R6XC1HPW2F2OYGFS2,4389396,8
FA2OC6FGIMI4S37PU,3043809,28
VHX791SAUG7W7R63P,2527236,9
5VVHS1PF81H0K03QN,2301750,8
VZPJAHRX89B2CPA40,1435780,8
FA2OC6FGIMI4S37PU,6009181,3
6RNZ6V20ZBCHCCIPT,3816558,23
4HER62QO48L3HOLG6,4412963,1
9IL03MCKH41ZX8EVC,457863,28
PSRCQ6DW4S2N7175C,561918,21
ITDKGZGY3D1CQ22P4,1920727,13
977FYO2GIYKZOIEB6,4002046,18
ZBRHGSC2D0501QLTX,558503,10
VZPJAHRX89B2CPA40,593466,7
E0P3U76BSR8JVOEAS,6656203,25
VEYQK2P1HT4EDEU8Z,3713764,20
0TQ17VI65FDDKT227,3635460,18
SUK8675QWKY38XUZB,5940223,20
MUIZHHC8NUPU3856X,6286037,4
UOHQ6DHPAN7V486JH,1791439,21
Z8WH1L99SI8KI6NIV,1709648,23
EX2GMK7UHXBM6P2OW,2984545,16
4M67RWDJ0PY180OMY,3919508,5
E0P3U76BSR8JVOEAS,562336,13
9F27PNL29KIWUI8V1,5506420,15
VEYQK2P1HT4EDEU8Z,2822131,10
SKH4GHZSBWP3QGNNK,4508032,17
XYYJ1CS2J4N0KXRG2,3343241,23
K7OLAZQZTOKBXBQVR,3509294,20
6T645BU8TYM8VGXKO,1213158,15
A4JYPUIFCGXQSH8XL,6220075,8
BUDE132ZGBWCF5SIZ,6122084,4
WI9LBMXJ0YIBEJ357,4723536,2
A4JYPUIFCGXQSH8XL,6139521,18
7ZQT4ZSYX2JJH3BHK,835914,15
VZPJAHRX89B2CPA40,411449,3
QNCADSU9WB6X6JEXE,1268067,22
QNCADSU9WB6X6JEXE,747078,3
FBMRRTAV36KC40D1Z,1945215,26
Z8WH1L99SI8KI6NIV,4005707,21
XEVZL0LOYONKMBWZY,1603099,13
WI9LBMXJ0YIBEJ357,3696747,26
6RNZ6V20ZBCHCCIPT,4216972,5
DJXLPRMY5ZZMANLU6,6761385,3
7ZQT4ZSYX2JJH3BHK,6541645,1
XYYJ1CS2J4N0KXRG2,5268388,10
V1SRV6QGJWWC8JVW0,5414496,23
A4LKAXWACFA995KE1,4225014,19
9Y4LCJDQLDU43LOK4,4328264,6
9G2XZ3XNAY7J6KTJN,6793776,12
NYD2J0FAEI05SQVAY,617102,12
RRS0030J6RHTUQ2RK,6534856,6
BOWGL6ZFJ8V4E620T,2703341,19
XTUS49QJ4P8A8OCOB,2462534,16
9DQS2WEXYFKHTNXUB,5170230,9
FXIQJ8T0RNKU5YYZL,2927372,23
OL2AN4Q8PF7T5DNJA,761403,1
X4YOXMSTBUXXCUOGK,58799,16
9IL03MCKH41ZX8EVC,386175,18
JTZWA92S5243CPZDG,5435018,5
D7UUQ6CP4DWYGZF0Z,1314063,16
6T645BU8TYM8VGXKO,4511307,7
3QWPW0GFU2JIA5UE4,922210,1
XT6P8GPRWDSJSYZKR,4303200,19
UOHQ6DHPAN7V486JH,3185729,2
OBPVWFPY1GIGMACGG,4632905,2
OL2AN4Q8PF7T5DNJA,5717030,6
5CS7MKN5CCCZTYEH8,4873734,17
VZPJAHRX89B2CPA40,5830309,17
4TL0TI5WAALM6P0AH,5287811,6
PSRCQ6DW4S2N7175C,1261054,19
H9QCKG6XB01NQCZO9,5250210,4
Y6PZ8ICUVSNUUVGC6,5557899,18
A4JYPUIFCGXQSH8XL,6633254,25
83Y10YDW1OI06N9ZM,5126569,3
DJXLPRMY5ZZMANLU6,2975447,17
ZBRHGSC2D0501QLTX,543705,28
DWJ0GFUKS12L7Y0G9,2027872,20
5VVHS1PF81H0K03QN,4340532,1
RRS0030J6RHTUQ2RK,69544,25
OJQZJBSXV2EELB04H,4812141,18
V2NG3GK779G8J7A0S,2177663,17
7AQPGU50TED28A7G6,6587920,1
Y9LTUSGD9M83VAB0I,3063282,8
ZBRHGSC2D0501QLTX,5817092,21
LATSV8PKLN0G0XSCQ,4957517,3
5VVHS1PF81H0K03QN,4791269,9
XRD31U4F7GM99U92O,5374090,15
N28ZTD9G5EYTS9PZY,3557216,8
7AQPGU50TED28A7G6,5137444,22
SUK8675QWKY38XUZB,3124542,18
UP8K03IYUM8HZ8NLC,1718676,4
2XCK13Y6KY3FTUJ0T,5579191,28
5CS7MKN5CCCZTYEH8,1731576,19
U5I6FRV4Z2WTHAYXA,6888962,26
BQLAQGMLUN5Y6VU3U,4432478,3
XTUS49QJ4P8A8OCOB,1742866,26
HDTGP1H5F336COXZX,4505190,1
T3ZXYYXXBKASGDXYG,2632652,10
R7Q4Z9AULIORDJQ9D,1030893,25
SUK8675QWKY38XUZB,357685,1
LMHCV45KAJNLAV6CI,2544491,9
VZPJAHRX89B2CPA40,1080392,18
UOHQ6DHPAN7V486JH,964235,4
J899WRG0VOOF1WON0,3952255,28
1MFXZRYV4MFOBXIAJ,4847311,23
SUK8675QWKY38XUZB,3424427,5
BJ37EOP5EGMDLO3MP,6247531,5
FBMRRTAV36KC40D1Z,3485300,15
51UQ4XPBN39O7QIOO,74474,6
WI9LBMXJ0YIBEJ357,5549815,17
375WULANW2HVOVK5J,2575511,5
BOWGL6ZFJ8V4E620T,189576,6
NDN0JWDWD4PJPHKO9,4516345,12
4TL0TI5WAALM6P0AH,4225103,7
Z4HM8TL716AK8U17L,1116790,18
KLRH1ZESF492S056H,4238478,20
WLHSCECOGSRZSUK44,5655300,6
HDTGP1H5F336COXZX,326793,17
WI9LBMXJ0YIBEJ357,5541241,16
VZPJAHRX89B2CPA40,71323,2
V1SRV6QGJWWC8JVW0,2929534,5
3PS05CCLIJVJ8J2KT,6635528,25
C89YVYS8RINE8LHLO,2714988,28
OQ5Y6DD3YNNZYDOK7,6839245,25
7PLLCJPG8BTDR1ND3,1643912,8
5P7TLU9HROJCCH8XF,4905486,23
9IL03MCKH41ZX8EVC,935120,21
R7Q4Z9AULIORDJQ9D,3675288,10
FDS0N1SJL1R9K1IB4,2719900,8
V2NG3GK779G8J7A0S,4675517,13
X4YOXMSTBUXXCUOGK,2521681,2
ORSVN3W6R6KI4L6K7,530502,19
5SKDNN35BDFYCRZ3T,4613983,7
OBPVWFPY1GIGMACGG,1726640,28
VEYQK2P1HT4EDEU8Z,5041564,26
AXH5M6W00RW6A1MRV,4489798,1
9Y4LCJDQLDU43LOK4,4806867,5
KXDUI2BQC1ZQ25O4C,702999,22
3QWPW0GFU2JIA5UE4,3701126,4
GTLAUQABS3K1IHWCJ,1172092,12
KCLWQ204AZ5D2W8QN,5793179,22
83Y10YDW1OI06N9ZM,6083902,10
RRS0030J6RHTUQ2RK,5707757,5
VNTN2FOUQHBSVRLKZ,6404138,13
NYD2J0FAEI05SQVAY,4662727,13
QNCADSU9WB6X6JEXE,6693101,21
XYYJ1CS2J4N0KXRG2,5724937,6
PSRCQ6DW4S2N7175C,4611065,17
HDTGP1H5F336COXZX,4471381,7
Z8WH1L99SI8KI6NIV,2583580,25
L8NOLOQ0MHSBXLPC8,4445679,19
83Y10YDW1OI06N9ZM,6018174,20
9NWFWJ38XN31WBFXG,3283602,13
H9QCKG6XB01NQCZO9,5908608,13
OJQZJBSXV2EELB04H,1385283,9
U5I6FRV4Z2WTHAYXA,5835890,22
ITDKGZGY3D1CQ22P4,4223558,7
UXT0SVW2ICMQTZACJ,1896637,5
VEYQK2P1HT4EDEU8Z,6677691,6
A4JYPUIFCGXQSH8XL,6014334,5
OCCKGZM8DIZCYX3CJ,4840934,1
IGOQX9XYBSRDMOZXT,597564,1
NDN0JWDWD4PJPHKO9,5016467,6
5SKDNN35BDFYCRZ3T,237513,25
7PLLCJPG8BTDR1ND3,4600536,7
SUK8675QWKY38XUZB,2592302,17
4HER62QO48L3HOLG6,4277015,16
DJXLPRMY5ZZMANLU6,1740102,9
PEYORPWSHOAUXOPB8,4048512,26
E0P3U76BSR8JVOEAS,2922125,6
RVDHIRC8T2IA2OUOW,5852578,8
MGD1S17DROU71KI80,4336630,22
4TL0TI5WAALM6P0AH,4155328,13
Y9LTUSGD9M83VAB0I,1418103,21
MGD1S17DROU71KI80,5560957,9
VIOMZ3660T8XTY6RC,4969263,17
83Y10YDW1OI06N9ZM,4007037,15
VU97XYAGZZS7LOG4E,2880212,10
NYD2J0FAEI05SQVAY,1710059,6
I9WWI0Z0BQBBIKN76,1770946,3
OBPVWFPY1GIGMACGG,1118299,22
K4BAGGWMVBZXC8Z0R,703179,25
DJXLPRMY5ZZMANLU6,4633679,4
IC9TR053SOF1562RK,1182358,1
AIQASN1W6XH7O9AI8,1322201,13
UP8K03IYUM8HZ8NLC,5567177,20
BOWGL6ZFJ8V4E620T,863076,16
IHBDM8XWHP0LUZ7NR,5327334,21
V2NG3GK779G8J7A0S,607928,5
7MQU99ZO49YXI2EDE,1461918,19
63FO2A0KBYVLDNRAA,4445317,19
AXH5M6W00RW6A1MRV,1425538,9
Y9LTUSGD9M83VAB0I,6845657,5
6T645BU8TYM8VGXKO,4626325,13
A4JYPUIFCGXQSH8XL,5018047,13
4GM0V34SHZCQY338K,3230671,21
KLRH1ZESF492S056H,435908,7
6RNZ6V20ZBCHCCIPT,1939308,28
D7UUQ6CP4DWYGZF0Z,978278,1
977FYO2GIYKZOIEB6,2941270,16
ZBRHGSC2D0501QLTX,5631474,15
V1SRV6QGJWWC8JVW0,3088948,17
FBMRRTAV36KC40D1Z,5360504,9
7PLLCJPG8BTDR1ND3,2998699,26
K4BAGGWMVBZXC8Z0R,6804653,26
73LDIXZVJOQFRMHNZ,5727076,7
15J0ZCH8C1O665RTF,4748678,1
AERG7GPQIBQXOGOHX,1013445,2
YVS0D5GU52ULP7YLI,3941225,6
QNCADSU9WB6X6JEXE,3351785,9
VZPJAHRX89B2CPA40,6326148,26
1LFTDYT2H0I9ZG3S8,3668660,5
G6R001Q73KLXUDPTV,4446015,12
OCCKGZM8DIZCYX3CJ,807951,22
OBPVWFPY1GIGMACGG,2399194,8
XYYJ1CS2J4N0KXRG2,5356869,17
LATSV8PKLN0G0XSCQ,6384926,22
DWJ0GFUKS12L7Y0G9,4157696,15
4M67RWDJ0PY180OMY,1426181,4
977FYO2GIYKZOIEB6,5106664,8
NYD2J0FAEI05SQVAY,3624610,21
F5AUCVPQMIXFMLKNY,965938,25
4HER62QO48L3HOLG6,3834265,20
LYQEIHF686T8C6FUH,6868516,17
K7OLAZQZTOKBXBQVR,1046439,2
XT6P8GPRWDSJSYZKR,6804066,2
Y9LTUSGD9M83VAB0I,6675884,18
KCLWQ204AZ5D2W8QN,356693,1
OQ5Y6DD3YNNZYDOK7,5437249,12
EX2GMK7UHXBM6P2OW,4658557,12
6N7C2M20A97S9IENG,6588184,15
UXT0SVW2ICMQTZACJ,2813639,13
H9QCKG6XB01NQCZO9,1295247,5
9F27PNL29KIWUI8V1,3608497,4
JTZWA92S5243CPZDG,4457154,16
9IL03MCKH41ZX8EVC,373044,1
L8NOLOQ0MHSBXLPC8,2735479,1
R6XC1HPW2F2OYGFS2,2906563,20
E0ZB60NF3G5K4VREU,1244118,10
4GM0V34SHZCQY338K,6934888,10
V4LNPTIOKCV53PIHE,6986435,5
375WULANW2HVOVK5J,6156088,10
FDS0N1SJL1R9K1IB4,1599898,12
KVXACS7SB5O59ARQP,5131460,15
6O996AT92IZ9926S5,4720770,26
9F27PNL29KIWUI8V1,1343649,23
FGGU9EADWBBLHKHYI,2852758,1
OJQZJBSXV2EELB04H,4303475,23
SUK8675QWKY38XUZB,5391069,2
DWJ0GFUKS12L7Y0G9,2933660,6
T16X6RLA2J523LYRZ,1036130,2
V2NG3GK779G8J7A0S,5583129,22
GFMBMLM8423RIAEDD,4119713,2
OL2AN4Q8PF7T5DNJA,3990928,8
I9WWI0Z0BQBBIKN76,531746,20
XRD31U4F7GM99U92O,1421888,28
6RNZ6V20ZBCHCCIPT,2453535,18
A4LKAXWACFA995KE1,1590069,13
KUD4O3VLEGN7O0D3B,1425271,19
6N7C2M20A97S9IENG,263950,4
VBCVVZPLR5KW0VKDX,3921614,2
WLHSCECOGSRZSUK44,4739182,4
E0ZB60NF3G5K4VREU,5203791,21
QNCADSU9WB6X6JEXE,2646343,17
7PLLCJPG8BTDR1ND3,924182,4
F5AUCVPQMIXFMLKNY,3294488,1
LYQEIHF686T8C6FUH,5870077,19
6T645BU8TYM8VGXKO,6745963,17
51UQ4XPBN39O7QIOO,6966703,1
OJQZJBSXV2EELB04H,764201,10
U01UYM0KLQO7ZMKXL,6735749,2
7ZQT4ZSYX2JJH3BHK,2407895,25
5CS7MKN5CCCZTYEH8,4477559,1
OCCKGZM8DIZCYX3CJ,3885345,9
OQ5Y6DD3YNNZYDOK7,5557141,6
VEYQK2P1HT4EDEU8Z,5554672,28
FXIQJ8T0RNKU5YYZL,2514923,18
6N7C2M20A97S9IENG,3090871,6
GFMBMLM8423RIAEDD,804776,9
Z4HM8TL716AK8U17L,1067483,9
RVDHIRC8T2IA2OUOW,5924371,19
DLRDFJ40BGVP9H10W,970344,25
V2NG3GK779G8J7A0S,6951364,6
5SKDNN35BDFYCRZ3T,1656746,3
9F27PNL29KIWUI8V1,5326111,22
4M67RWDJ0PY180OMY,1117539,8
E0ZB60NF3G5K4VREU,451731,15
UOHQ6DHPAN7V486JH,1116770,7
KCLWQ204AZ5D2W8QN,2448105,16
VIOMZ3660T8XTY6RC,5783930,22
7ZQT4ZSYX2JJH3BHK,6962470,7
4GM0V34SHZCQY338K,2038328,25
GFMBMLM8423RIAEDD,3672769,7
0TTW5R9RRCJ0A9E5F,992299,25
PQHMTD7TS2Q7AM9C6,848327,17
RVDHIRC8T2IA2OUOW,5157681,5
OBPVWFPY1GIGMACGG,4489447,13
IGOQX9XYBSRDMOZXT,6440379,7
R7Q4Z9AULIORDJQ9D,3110517,15
A4JYPUIFCGXQSH8XL,576597,12
3QWPW0GFU2JIA5UE4,5918502,15
F5AUCVPQMIXFMLKNY,5363345,21
KIULTEGOP4LWPVDNF,4488942,20
FA2OC6FGIMI4S37PU,815818,26
X4YOXMSTBUXXCUOGK,1420115,9
LMHCV45KAJNLAV6CI,1176285,23
AXH5M6W00RW6A1MRV,161374,22
DLRDFJ40BGVP9H10W,1620653,4
9F27PNL29KIWUI8V1,5357559,28
9NWFWJ38XN31WBFXG,1994283,5
OQ5Y6DD3YNNZYDOK7,3306924,8
LYQEIHF686T8C6FUH,5608669,16
U5I6FRV4Z2WTHAYXA,6901773,6
DWJ0GFUKS12L7Y0G9,200124,2
GTLAUQABS3K1IHWCJ,3450009,22
Y6PZ8ICUVSNUUVGC6,1125108,22
HDTGP1H5F336COXZX,6657395,25
OEZ236PKMC6MBM3TB,2121699,25
U01UYM0KLQO7ZMKXL,2106373,5
GFMBMLM8423RIAEDD,4521655,15
0TQ17VI65FDDKT227,4917571,20
XT6P8GPRWDSJSYZKR,2872483,15
9G2XZ3XNAY7J6KTJN,555602,7
6T645BU8TYM8VGXKO,4849782,18
THJ9OBJH3W6ANRCMS,6436430,16
MUIZHHC8NUPU3856X,1942290,5
8JB7CPERPX344FYNY,5509910,15
51UQ4XPBN39O7QIOO,1139479,12
THJ9OBJH3W6ANRCMS,3421599,4
G6R001Q73KLXUDPTV,5605090,15
Z4HM8TL716AK8U17L,2254752,23
Y6PZ8ICUVSNUUVGC6,5002215,21
Y144TELK1D0Z0KLVV,3628537,2
15J0ZCH8C1O665RTF,3438753,18
XT6P8GPRWDSJSYZKR,6459790,7
FDS0N1SJL1R9K1IB4,1817138,10
FXIQJ8T0RNKU5YYZL,1717212,6
DLRDFJ40BGVP9H10W,618659,1
IAXUMLO4Y4HXEEHHC,4207599,22
FBMRRTAV36KC40D1Z,3629641,6
DWJ0GFUKS12L7Y0G9,3901650,1
Y9LTUSGD9M83VAB0I,5108549,26
LYQEIHF686T8C6FUH,3412661,18
ORSVN3W6R6KI4L6K7,3527336,7
BJSA6PK9IP3QNY0GU,3868113,8
A4LKAXWACFA995KE1,5970775,18
LMHCV45KAJNLAV6CI,5491139,16
V4LNPTIOKCV53PIHE,6292761,19
OJQZJBSXV2EELB04H,4537070,8
KVXACS7SB5O59ARQP,6320045,13
LYQEIHF686T8C6FUH,6955057,22
1MFXZRYV4MFOBXIAJ,6336687,10
VNTN2FOUQHBSVRLKZ,4488661,19
9IL03MCKH41ZX8EVC,4142779,19
1MFXZRYV4MFOBXIAJ,1979831,17
FXIQJ8T0RNKU5YYZL,6446394,15
V4LNPTIOKCV53PIHE,5567445,7
MHREEFELDOONUMCHP,3292420,20
4HER62QO48L3HOLG6,3260930,3
AIQASN1W6XH7O9AI8,4993138,21
UXT0SVW2ICMQTZACJ,6356741,26
VIOMZ3660T8XTY6RC,523539,23
FBMRRTAV36KC40D1Z,1447097,18
LMHCV45KAJNLAV6CI,4216444,13
FBMRRTAV36KC40D1Z,6551535,23
FQJP2PBU50DG45YX3,656366,20
IC9TR053SOF1562RK,635943,13
XYYJ1CS2J4N0KXRG2,1292756,28
83Y10YDW1OI06N9ZM,5059722,22
375WULANW2HVOVK5J,3645986,3
BQLAQGMLUN5Y6VU3U,3388774,7
OCCKGZM8DIZCYX3CJ,4706506,17
K4BAGGWMVBZXC8Z0R,2984591,7
977FYO2GIYKZOIEB6,4617662,22
IGOQX9XYBSRDMOZXT,5688013,25
V1SRV6QGJWWC8JVW0,5059409,16
MGD1S17DROU71KI80,4551065,18
K4BAGGWMVBZXC8Z0R,4870695,1
GFMBMLM8423RIAEDD,2051645,10
RRS0030J6RHTUQ2RK,2845033,23
XYYJ1CS2J4N0KXRG2,6508960,7
KIULTEGOP4LWPVDNF,5574022,10
VU97XYAGZZS7LOG4E,5464138,13
ORSVN3W6R6KI4L6K7,6463497,8
7MQU99ZO49YXI2EDE,6891937,15
H9QCKG6XB01NQCZO9,2039351,3
WI9LBMXJ0YIBEJ357,2204389,13
9IL03MCKH41ZX8EVC,725679,15
BJSA6PK9IP3QNY0GU,6043770,4
THJ9OBJH3W6ANRCMS,2959641,12
ZBRHGSC2D0501QLTX,3039,13
H9QCKG6XB01NQCZO9,4566124,10
KVXACS7SB5O59ARQP,4516923,3
9DQS2WEXYFKHTNXUB,777236,20
IGOQX9XYBSRDMOZXT,148659,6
E0P3U76BSR8JVOEAS,2981164,28
G6R001Q73KLXUDPTV,2144817,20
0TTW5R9RRCJ0A9E5F,2068512,17
8JB7CPERPX344FYNY,2525065,28
RVDHIRC8T2IA2OUOW,2415155,15
BQLAQGMLUN5Y6VU3U,1938767,10
IAXUMLO4Y4HXEEHHC,2725829,8
ORSVN3W6R6KI4L6K7,2334454,2
Y9LTUSGD9M83VAB0I,3370616,23
J899WRG0VOOF1WON0,5790475,20
PEYORPWSHOAUXOPB8,2207465,12
L8NOLOQ0MHSBXLPC8,2223639,9
K2DBNBQ09G1QCCD7W,5631541,19
ZBRHGSC2D0501QLTX,4590795,18
5VVHS1PF81H0K03QN,5871239,20
VIOMZ3660T8XTY6RC,4046848,16
DJXLPRMY5ZZMANLU6,5584607,10
PQHMTD7TS2Q7AM9C6,4958329,18
51UQ4XPBN39O7QIOO,2258237,9
WLHSCECOGSRZSUK44,2883450,12
7MQU99ZO49YXI2EDE,2328240,17
9IL03MCKH41ZX8EVC,6941723,4
PSRCQ6DW4S2N7175C,248597,22
OQ5Y6DD3YNNZYDOK7,2253252,16
83Y10YDW1OI06N9ZM,4012110,5
XT6P8GPRWDSJSYZKR,5860459,12
T16X6RLA2J523LYRZ,6913323,25
XRD31U4F7GM99U92O,3288427,18
LYQEIHF686T8C6FUH,6333221,20
LYQEIHF686T8C6FUH,6151197,23
977FYO2GIYKZOIEB6,5112246,1
1LFTDYT2H0I9ZG3S8,3496332,16
5CS7MKN5CCCZTYEH8,185500,4
9F27PNL29KIWUI8V1,4675003,20
UXT0SVW2ICMQTZACJ,4846762,12
63FO2A0KBYVLDNRAA,1113759,8
LYQEIHF686T8C6FUH,5296191,9
X4YOXMSTBUXXCUOGK,5535515,5
KIULTEGOP4LWPVDNF,1632921,18
V2NG3GK779G8J7A0S,6260144,10
D0HW4TD0CUW9XJQPX,3637526,20
NYD2J0FAEI05SQVAY,3179457,1
6RNZ6V20ZBCHCCIPT,4017697,19
6RNZ6V20ZBCHCCIPT,1436179,1
DJXLPRMY5ZZMANLU6,5355148,23
6N7C2M20A97S9IENG,1650543,1
AXH5M6W00RW6A1MRV,3112924,20
4TL0TI5WAALM6P0AH,6382008,20
BOWGL6ZFJ8V4E620T,3677270,2
MHREEFELDOONUMCHP,3760266,19
R6XC1HPW2F2OYGFS2,5070946,2
0TTW5R9RRCJ0A9E5F,2413195,10
GFMBMLM8423RIAEDD,3555524,16
HDTGP1H5F336COXZX,1699311,23
Y9LTUSGD9M83VAB0I,1739282,16
SSP73CDZATG8LX9V1,4105385,6
V4LNPTIOKCV53PIHE,4593499,17
FDS0N1SJL1R9K1IB4,6818697,28
ITDKGZGY3D1CQ22P4,1827670,1
SKH4GHZSBWP3QGNNK,4112322,2
MGD1S17DROU71KI80,705007,16
BJSA6PK9IP3QNY0GU,890403,28
7AQPGU50TED28A7G6,6969785,5
AIQASN1W6XH7O9AI8,6410852,19
9G2XZ3XNAY7J6KTJN,5912774,16
VHX791SAUG7W7R63P,6777865,4
MGD1S17DROU71KI80,5396650,26
OQ5Y6DD3YNNZYDOK7,6047930,17
U01UYM0KLQO7ZMKXL,3277160,18
R7Q4Z9AULIORDJQ9D,932058,9
V2NG3GK779G8J7A0S,1668668,1
GFMBMLM8423RIAEDD,1726718,23
K2DBNBQ09G1QCCD7W,1952587,20
D7UUQ6CP4DWYGZF0Z,1286119,12
A4LKAXWACFA995KE1,3232637,7
K2DBNBQ09G1QCCD7W,5341776,8
E0P3U76BSR8JVOEAS,6034172,1
3QWPW0GFU2JIA5UE4,2078563,7
6O996AT92IZ9926S5,4729796,6
Z4HM8TL716AK8U17L,1433169,22
73LDIXZVJOQFRMHNZ,3502399,15
KVXACS7SB5O59ARQP,1639562,1
375WULANW2HVOVK5J,6743833,21
G6R001Q73KLXUDPTV,6103202,3
7AQPGU50TED28A7G6,2599829,15
9F27PNL29KIWUI8V1,430158,2
BJSA6PK9IP3QNY0GU,6073588,18
RRS0030J6RHTUQ2RK,6064578,16
RRS0030J6RHTUQ2RK,1864454,2
D0HW4TD0CUW9XJQPX,125472,9
T3ZXYYXXBKASGDXYG,4905582,1
KLRH1ZESF492S056H,1755627,5
BOWGL6ZFJ8V4E620T,1844637,25
Y6PZ8ICUVSNUUVGC6,4061095,9
1LFTDYT2H0I9ZG3S8,5242465,8
OBPVWFPY1GIGMACGG,1898270,10
NYD2J0FAEI05SQVAY,1313388,2
KUD4O3VLEGN7O0D3B,2212644,1
ORSVN3W6R6KI4L6K7,335713,18
V1SRV6QGJWWC8JVW0,6987381,25
5CS7MKN5CCCZTYEH8,4440081,25
J899WRG0VOOF1WON0,1550693,6
1LFTDYT2H0I9ZG3S8,2262060,21
0TTW5R9RRCJ0A9E5F,6288473,15
A4LKAXWACFA995KE1,2984225,5
KXDUI2BQC1ZQ25O4C,837286,13
FA2OC6FGIMI4S37PU,2739365,5
4TL0TI5WAALM6P0AH,6245758,8
0TTW5R9RRCJ0A9E5F,1605607,22
XRD31U4F7GM99U92O,5840103,22
IC9TR053SOF1562RK,4661083,19
DWJ0GFUKS12L7Y0G9,1454249,10
D0HW4TD0CUW9XJQPX,1010390,2
SUK8675QWKY38XUZB,5343028,12
X4YOXMSTBUXXCUOGK,2866238,6
6N7C2M20A97S9IENG,5379763,16
9IL03MCKH41ZX8EVC,6169570,25
UP8K03IYUM8HZ8NLC,6673387,9
L8NOLOQ0MHSBXLPC8,5076148,8
9IL03MCKH41ZX8EVC,5553284,8
AERG7GPQIBQXOGOHX,1969443,1
Y144TELK1D0Z0KLVV,6253565,17
OQ5Y6DD3YNNZYDOK7,155807,5
VU97XYAGZZS7LOG4E,4573876,17
BUDE132ZGBWCF5SIZ,6889443,13
QNCADSU9WB6X6JEXE,5956511,19
T3ZXYYXXBKASGDXYG,1301663,20
C89YVYS8RINE8LHLO,4335497,8
BOWGL6ZFJ8V4E620T,6474374,13
MHREEFELDOONUMCHP,5350253,16
HDTGP1H5F336COXZX,2102714,28
Y9LTUSGD9M83VAB0I,5225251,1
JTZWA92S5243CPZDG,4336718,12
K7OLAZQZTOKBXBQVR,1790575,1
SKH4GHZSBWP3QGNNK,3730080,22
IAXUMLO4Y4HXEEHHC,1131725,25
KLRH1ZESF492S056H,2997320,4
FGGU9EADWBBLHKHYI,2211279,13
NDN0JWDWD4PJPHKO9,6958549,9
AERG7GPQIBQXOGOHX,3213941,19
BUDE132ZGBWCF5SIZ,6170916,9
HDTGP1H5F336COXZX,701438,4
9G2XZ3XNAY7J6KTJN,1255838,8
83Y10YDW1OI06N9ZM,5584469,4
PEYORPWSHOAUXOPB8,2727587,15
4GM0V34SHZCQY338K,3695458,22
7MQU99ZO49YXI2EDE,2433652,22
T3ZXYYXXBKASGDXYG,2509507,7
V1SRV6QGJWWC8JVW0,6261083,1
1LFTDYT2H0I9ZG3S8,6203597,28
T16X6RLA2J523LYRZ,5307232,13
5P7TLU9HROJCCH8XF,5606014,25
63FO2A0KBYVLDNRAA,2697704,2
5VVHS1PF81H0K03QN,4741549,3
RRS0030J6RHTUQ2RK,3790942,20
KUD4O3VLEGN7O0D3B,1581255,5
WLHSCECOGSRZSUK44,2030637,22
BJSA6PK9IP3QNY0GU,5604118,10
THJ9OBJH3W6ANRCMS,402125,21
6N7C2M20A97S9IENG,3138053,2
L8NOLOQ0MHSBXLPC8,5970729,15
BQLAQGMLUN5Y6VU3U,71990,16
I9WWI0Z0BQBBIKN76,3605204,9
3PS05CCLIJVJ8J2KT,1311750,17
8JB7CPERPX344FYNY,2314233,3
SSP73CDZATG8LX9V1,2078461,18
AXH5M6W00RW6A1MRV,2057810,13
JTZWA92S5243CPZDG,5978375,6
GFMBMLM8423RIAEDD,4884520,20
L8NOLOQ0MHSBXLPC8,1912349,17
1MFXZRYV4MFOBXIAJ,4735430,28
AXH5M6W00RW6A1MRV,95745,26
PEYORPWSHOAUXOPB8,5920684,2
FQJP2PBU50DG45YX3,3212025,16
WLHSCECOGSRZSUK44,6760520,15
PQHMTD7TS2Q7AM9C6,5300433,19
J899WRG0VOOF1WON0,6269975,9
E0ZB60NF3G5K4VREU,2312735,3
DJXLPRMY5ZZMANLU6,5870951,1
NDN0JWDWD4PJPHKO9,3458137,5
KXDUI2BQC1ZQ25O4C,3027700,21
KXDUI2BQC1ZQ25O4C,6676794,16
6T645BU8TYM8VGXKO,5527433,26
EX2GMK7UHXBM6P2OW,2555605,28
6T645BU8TYM8VGXKO,616238,3
FXIQJ8T0RNKU5YYZL,4803680,16
4HER62QO48L3HOLG6,1552205,5
R6XC1HPW2F2OYGFS2,3432131,13
0TTW5R9RRCJ0A9E5F,2724586,2
IC9TR053SOF1562RK,4997717,9
K7OLAZQZTOKBXBQVR,1185591,15
MUIZHHC8NUPU3856X,1488475,22
FGGU9EADWBBLHKHYI,5516684,20
U5I6FRV4Z2WTHAYXA,1538939,10
K2DBNBQ09G1QCCD7W,3497298,3
3PS05CCLIJVJ8J2KT,5021086,5
ITDKGZGY3D1CQ22P4,400863,8
5VVHS1PF81H0K03QN,1575278,7
BUDE132ZGBWCF5SIZ,82431,22
3PS05CCLIJVJ8J2KT,2761722,28
SSP73CDZATG8LX9V1,3011200,13
PSRCQ6DW4S2N7175C,354243,2
09SYGN7IXDQV5X9IP,5006980,19
GFMBMLM8423RIAEDD,566292,1
5CS7MKN5CCCZTYEH8,1342881,22
UXT0SVW2ICMQTZACJ,4802357,2
DLTTACGP89H6U008M,1459506,20
BJ37EOP5EGMDLO3MP,4704737,1
VHX791SAUG7W7R63P,4260169,23
A4JYPUIFCGXQSH8XL,3529198,1
FBMRRTAV36KC40D1Z,3013531,2
UOHQ6DHPAN7V486JH,478896,10
VZPJAHRX89B2CPA40,1976790,9
DLRDFJ40BGVP9H10W,4760805,3
09SYGN7IXDQV5X9IP,235083,1
R6XC1HPW2F2OYGFS2,3611344,7
IC9TR053SOF1562RK,4680872,28
KVXACS7SB5O59ARQP,1641242,23
V4LNPTIOKCV53PIHE,4140302,6
Y6PZ8ICUVSNUUVGC6,5497937,23
V1SRV6QGJWWC8JVW0,5725095,13
RVDHIRC8T2IA2OUOW,1091178,12
0TTW5R9RRCJ0A9E5F,1715629,8
E0ZB60NF3G5K4VREU,547070,17
KLRH1ZESF492S056H,5430802,6
KCLWQ204AZ5D2W8QN,2706275,2
E0P3U76BSR8JVOEAS,5703759,26
09SYGN7IXDQV5X9IP,4101390,5
I9WWI0Z0BQBBIKN76,1274687,15
IHBDM8XWHP0LUZ7NR,745916,18
ITDKGZGY3D1CQ22P4,5104128,6
VU97XYAGZZS7LOG4E,6355062,3
FBMRRTAV36KC40D1Z,794899,1
K7OLAZQZTOKBXBQVR,5450949,6
DWJ0GFUKS12L7Y0G9,2859033,9
KUD4O3VLEGN7O0D3B,5483886,8
VIOMZ3660T8XTY6RC,6153146,26
G6R001Q73KLXUDPTV,4548627,23
XTUS49QJ4P8A8OCOB,2293984,8
RRS0030J6RHTUQ2RK,6980455,21
H9QCKG6XB01NQCZO9,2952308,9
V2NG3GK779G8J7A0S,4404257,8
WLHSCECOGSRZSUK44,5480978,17
9F27PNL29KIWUI8V1,4921546,10
OBPVWFPY1GIGMACGG,3694682,4
AXH5M6W00RW6A1MRV,6723506,25
NDN0JWDWD4PJPHKO9,678289,28
LMHCV45KAJNLAV6CI,4282592,1
LATSV8PKLN0G0XSCQ,5215881,15
XEVZL0LOYONKMBWZY,20399,19
9F27PNL29KIWUI8V1,4106687,5
V4LNPTIOKCV53PIHE,1565954,16
Z4HM8TL716AK8U17L,6890549,28
SKH4GHZSBWP3QGNNK,3877048,12
9DQS2WEXYFKHTNXUB,6569787,21
FDS0N1SJL1R9K1IB4,3144429,18
AIQASN1W6XH7O9AI8,1397842,2
ITDKGZGY3D1CQ22P4,3597627,3
NYD2J0FAEI05SQVAY,6913911,10
WLHSCECOGSRZSUK44,2110878,8
OQ5Y6DD3YNNZYDOK7,4031199,13
KIULTEGOP4LWPVDNF,5300187,9
ITDKGZGY3D1CQ22P4,4754355,4
7ZQT4ZSYX2JJH3BHK,2389729,10
5VVHS1PF81H0K03QN,6577701,5
GFMBMLM8423RIAEDD,1641732,18
X4YOXMSTBUXXCUOGK,5422764,25
KLRH1ZESF492S056H,5792174,12
BOWGL6ZFJ8V4E620T,2555415,8
EX2GMK7UHXBM6P2OW,1722681,20
2XCK13Y6KY3FTUJ0T,6849331,19
AIQASN1W6XH7O9AI8,3588101,23
Z8WH1L99SI8KI6NIV,4286152,8
MGD1S17DROU71KI80,5630635,3
OL2AN4Q8PF7T5DNJA,2228194,21
IHBDM8XWHP0LUZ7NR,287164,12
OEZ236PKMC6MBM3TB,4692086,12
JTZWA92S5243CPZDG,3726656,7
KXDUI2BQC1ZQ25O4C,6283198,2
XYYJ1CS2J4N0KXRG2,5216411,1
ORSVN3W6R6KI4L6K7,67446,23
E0ZB60NF3G5K4VREU,1175504,22
WLHSCECOGSRZSUK44,6002967,2
FBMRRTAV36KC40D1Z,4784841,16
1LFTDYT2H0I9ZG3S8,3007275,9
9NWFWJ38XN31WBFXG,1956962,23
7MQU99ZO49YXI2EDE,1223421,7
AIQASN1W6XH7O9AI8,2433230,17
ZBRHGSC2D0501QLTX,1955281,20
375WULANW2HVOVK5J,469149,22
2XCK13Y6KY3FTUJ0T,388472,15
LYQEIHF686T8C6FUH,771657,21
VHX791SAUG7W7R63P,5011225,7
OJQZJBSXV2EELB04H,4970235,6
79KX9A87LHVX4DRM4,4433826,28
BOWGL6ZFJ8V4E620T,5834770,20
IAXUMLO4Y4HXEEHHC,6569188,5
N28ZTD9G5EYTS9PZY,6704993,17
MHREEFELDOONUMCHP,4586785,26
AIQASN1W6XH7O9AI8,6752015,12
YVS0D5GU52ULP7YLI,249560,4
375WULANW2HVOVK5J,574391,6
V1SRV6QGJWWC8JVW0,1191591,6
9Y4LCJDQLDU43LOK4,2163687,3
3PS05CCLIJVJ8J2KT,5886792,10
IAXUMLO4Y4HXEEHHC,613758,7
2XCK13Y6KY3FTUJ0T,1186315,4
MGD1S17DROU71KI80,6516776,17
RVDHIRC8T2IA2OUOW,6917556,1
09SYGN7IXDQV5X9IP,6431670,21
3QWPW0GFU2JIA5UE4,3922841,6
977FYO2GIYKZOIEB6,1398159,10
OBPVWFPY1GIGMACGG,3369932,6
E0P3U76BSR8JVOEAS,6004978,2
SSP73CDZATG8LX9V1,287471,12
79KX9A87LHVX4DRM4,2550291,23
YVS0D5GU52ULP7YLI,5114311,12
AIQASN1W6XH7O9AI8,6645035,25
T3ZXYYXXBKASGDXYG,3361495,3
PEYORPWSHOAUXOPB8,3760189,8
73LDIXZVJOQFRMHNZ,4375527,23
5SKDNN35BDFYCRZ3T,924562,4
8JB7CPERPX344FYNY,5484045,13
N28ZTD9G5EYTS9PZY,2163940,3
0TQ17VI65FDDKT227,5721914,13
5CS7MKN5CCCZTYEH8,4693139,28
OL2AN4Q8PF7T5DNJA,4953670,12
AXH5M6W00RW6A1MRV,6690766,16
9NWFWJ38XN31WBFXG,2765342,6
RVDHIRC8T2IA2OUOW,6857083,7
H9QCKG6XB01NQCZO9,5273566,7
1MFXZRYV4MFOBXIAJ,404870,19
EX2GMK7UHXBM6P2OW,3767239,21
XT6P8GPRWDSJSYZKR,168047,5
ITDKGZGY3D1CQ22P4,4700835,12
51UQ4XPBN39O7QIOO,6642615,17
U01UYM0KLQO7ZMKXL,1383101,22
F5AUCVPQMIXFMLKNY,6038899,10
K7OLAZQZTOKBXBQVR,1780659,23
J899WRG0VOOF1WON0,4660198,16
IGOQX9XYBSRDMOZXT,5320878,10
OEZ236PKMC6MBM3TB,85160,15
K4BAGGWMVBZXC8Z0R,1278051,22
7AQPGU50TED28A7G6,5176020,12
IC9TR053SOF1562RK,2438794,10
H9QCKG6XB01NQCZO9,5695588,21
9DQS2WEXYFKHTNXUB,6499198,5
3QWPW0GFU2JIA5UE4,5830274,21
F5AUCVPQMIXFMLKNY,6878619,16
E0ZB60NF3G5K4VREU,4735744,16
ITDKGZGY3D1CQ22P4,1803736,19
MUIZHHC8NUPU3856X,3408278,9
977FYO2GIYKZOIEB6,6569648,6
NYD2J0FAEI05SQVAY,5558724,25
6RNZ6V20ZBCHCCIPT,216676,20
KVXACS7SB5O59ARQP,4101096,12
5VVHS1PF81H0K03QN,4078090,19
E0ZB60NF3G5K4VREU,1622272,2
51UQ4XPBN39O7QIOO,348594,19
XEVZL0LOYONKMBWZY,3074715,15
FDS0N1SJL1R9K1IB4,2766986,22
OL2AN4Q8PF7T5DNJA,2531386,10
PEYORPWSHOAUXOPB8,6857034,25
BJ37EOP5EGMDLO3MP,5028695,7
8JB7CPERPX344FYNY,5288896,17
AXH5M6W00RW6A1MRV,4315749,6
IGOQX9XYBSRDMOZXT,5476344,9
T16X6RLA2J523LYRZ,2459294,22
WI9LBMXJ0YIBEJ357,5544945,9
UXT0SVW2ICMQTZACJ,1286930,22
4M67RWDJ0PY180OMY,5429158,9
Y6PZ8ICUVSNUUVGC6,3034102,10
7AQPGU50TED28A7G6,4430379,9
4TL0TI5WAALM6P0AH,3056238,1
ORSVN3W6R6KI4L6K7,4709541,26
DLTTACGP89H6U008M,467391,23
YVS0D5GU52ULP7YLI,4260769,23
4HER62QO48L3HOLG6,3620056,4
XEVZL0LOYONKMBWZY,2561507,3
15J0ZCH8C1O665RTF,3738038,9
A4LKAXWACFA995KE1,6030219,26
ORSVN3W6R6KI4L6K7,2420100,13
RVDHIRC8T2IA2OUOW,5367807,22
FBMRRTAV36KC40D1Z,4890610,7
Y6PZ8ICUVSNUUVGC6,6411316,3
UOHQ6DHPAN7V486JH,5602522,26
E0ZB60NF3G5K4VREU,2374734,12
D7UUQ6CP4DWYGZF0Z,1064949,4
A4JYPUIFCGXQSH8XL,2185436,28
73LDIXZVJOQFRMHNZ,404685,17
NDN0JWDWD4PJPHKO9,758301,21
73LDIXZVJOQFRMHNZ,3762878,12
C89YVYS8RINE8LHLO,333726,13
C89YVYS8RINE8LHLO,6753915,26
4HER62QO48L3HOLG6,5867116,28
MHREEFELDOONUMCHP,4504385,8
C89YVYS8RINE8LHLO,1379177,2
IGOQX9XYBSRDMOZXT,2622158,18
UXT0SVW2ICMQTZACJ,5433559,20
DLTTACGP89H6U008M,1839666,8
K2DBNBQ09G1QCCD7W,4118196,4
K2DBNBQ09G1QCCD7W,1958162,21
XEVZL0LOYONKMBWZY,2582548,20
375WULANW2HVOVK5J,4963886,13
E0P3U76BSR8JVOEAS,6513963,23
E0ZB60NF3G5K4VREU,4974064,7
Y9LTUSGD9M83VAB0I,2469438,9
MUIZHHC8NUPU3856X,2286445,19
BJ37EOP5EGMDLO3MP,547124,8
PQHMTD7TS2Q7AM9C6,5422803,7
IC9TR053SOF1562RK,3709782,18
SKH4GHZSBWP3QGNNK,4493645,20
XYYJ1CS2J4N0KXRG2,5776205,19
R7Q4Z9AULIORDJQ9D,5619155,4
IAXUMLO4Y4HXEEHHC,3856141,23
4M67RWDJ0PY180OMY,3968695,23
KUD4O3VLEGN7O0D3B,1884323,15
QNCADSU9WB6X6JEXE,2216970,5
977FYO2GIYKZOIEB6,4942634,7
9Y4LCJDQLDU43LOK4,5278153,12
FXIQJ8T0RNKU5YYZL,22674,22
PSRCQ6DW4S2N7175C,882415,28
R6XC1HPW2F2OYGFS2,1680892,12
BUDE132ZGBWCF5SIZ,2776455,5
5P7TLU9HROJCCH8XF,4219958,10
AXH5M6W00RW6A1MRV,5032983,5
OEZ236PKMC6MBM3TB,4403047,9
MHREEFELDOONUMCHP,5736531,9
N28ZTD9G5EYTS9PZY,1504696,26
OQ5Y6DD3YNNZYDOK7,3595837,28
0TQ17VI65FDDKT227,5354708,23
GTLAUQABS3K1IHWCJ,3595046,5
KCLWQ204AZ5D2W8QN,472092,23
FA2OC6FGIMI4S37PU,2331615,12
IC9TR053SOF1562RK,5175918,7
I9WWI0Z0BQBBIKN76,5011536,22
5CS7MKN5CCCZTYEH8,6357557,15
BOWGL6ZFJ8V4E620T,2448134,9
XEVZL0LOYONKMBWZY,2705118,26
XT6P8GPRWDSJSYZKR,6383593,9
FXIQJ8T0RNKU5YYZL,1823277,17
FBMRRTAV36KC40D1Z,137339,17
7ZQT4ZSYX2JJH3BHK,6985958,12
D0HW4TD0CUW9XJQPX,2962510,8
V1SRV6QGJWWC8JVW0,2813994,9
K4BAGGWMVBZXC8Z0R,2446871,23
OBPVWFPY1GIGMACGG,2916662,20
ZBRHGSC2D0501QLTX,2762313,26
THJ9OBJH3W6ANRCMS,3658566,15
BUDE132ZGBWCF5SIZ,5142753,7
7MQU99ZO49YXI2EDE,126280,5
K4BAGGWMVBZXC8Z0R,847435,5
E0ZB60NF3G5K4VREU,801599,25
2XCK13Y6KY3FTUJ0T,5602118,20
6RNZ6V20ZBCHCCIPT,5079377,2
K7OLAZQZTOKBXBQVR,6696768,7
PQHMTD7TS2Q7AM9C6,3531348,1
ITDKGZGY3D1CQ22P4,2866249,16
83Y10YDW1OI06N9ZM,4622749,23
OQ5Y6DD3YNNZYDOK7,1786932,23
BOWGL6ZFJ8V4E620T,4178352,26
5SKDNN35BDFYCRZ3T,2578451,1
7ZQT4ZSYX2JJH3BHK,6895572,5
AIQASN1W6XH7O9AI8,2400276,15
Y9LTUSGD9M83VAB0I,441657,19
FA2OC6FGIMI4S37PU,4497127,8
KLRH1ZESF492S056H,6012279,18
4M67RWDJ0PY180OMY,2878419,12
5CS7MKN5CCCZTYEH8,1691608,20
63FO2A0KBYVLDNRAA,6425876,22
BUDE132ZGBWCF5SIZ,4280421,10
FDS0N1SJL1R9K1IB4,1649722,5
Y6PZ8ICUVSNUUVGC6,6517576,28
RRS0030J6RHTUQ2RK,4748956,19
KVXACS7SB5O59ARQP,5197472,7
977FYO2GIYKZOIEB6,6304396,26
09SYGN7IXDQV5X9IP,4259916,17
73LDIXZVJOQFRMHNZ,4164807,26
9NWFWJ38XN31WBFXG,487266,12
F5AUCVPQMIXFMLKNY,4367957,22
7MQU99ZO49YXI2EDE,6980685,13
BUDE132ZGBWCF5SIZ,5726305,18
XYYJ1CS2J4N0KXRG2,1018321,4
9NWFWJ38XN31WBFXG,3769389,18
ZBRHGSC2D0501QLTX,6746982,19
LMHCV45KAJNLAV6CI,2574155,6
83Y10YDW1OI06N9ZM,6424045,25
UP8K03IYUM8HZ8NLC,2685242,3
15J0ZCH8C1O665RTF,2879908,28
9G2XZ3XNAY7J6KTJN,1791345,20
XTUS49QJ4P8A8OCOB,2010180,13
OCCKGZM8DIZCYX3CJ,6860783,10
4TL0TI5WAALM6P0AH,3575741,23
U01UYM0KLQO7ZMKXL,5740324,25
XTUS49QJ4P8A8OCOB,2048027,7
Y6PZ8ICUVSNUUVGC6,4311881,4
7AQPGU50TED28A7G6,4602472,2
AIQASN1W6XH7O9AI8,4267154,7
1MFXZRYV4MFOBXIAJ,1932318,9
869YG73INQB5W1NQT,2976546,13
DJXLPRMY5ZZMANLU6,6573110,2
9IL03MCKH41ZX8EVC,404126,20
GTLAUQABS3K1IHWCJ,2831374,1
D7UUQ6CP4DWYGZF0Z,61746,2
6N7C2M20A97S9IENG,4285973,3
V1SRV6QGJWWC8JVW0,3400670,26
G6R001Q73KLXUDPTV,201770,26
SUK8675QWKY38XUZB,5921164,15
9F27PNL29KIWUI8V1,6758827,16
PSRCQ6DW4S2N7175C,1579888,15
T16X6RLA2J523LYRZ,5802522,1
15J0ZCH8C1O665RTF,5966343,16
09SYGN7IXDQV5X9IP,233751,22
IHBDM8XWHP0LUZ7NR,2187585,1
VU97XYAGZZS7LOG4E,6123877,22
GTLAUQABS3K1IHWCJ,2521438,6
15J0ZCH8C1O665RTF,4360051,7
XTUS49QJ4P8A8OCOB,919704,18
KLRH1ZESF492S056H,6847080,28
G6R001Q73KLXUDPTV,1144329,5
V1SRV6QGJWWC8JVW0,2499469,8
DLRDFJ40BGVP9H10W,4410005,15
U01UYM0KLQO7ZMKXL,6002191,13
F5AUCVPQMIXFMLKNY,2392719,18
FQJP2PBU50DG45YX3,3301026,26
73LDIXZVJOQFRMHNZ,3660271,5
6T645BU8TYM8VGXKO,4798947,25
VZPJAHRX89B2CPA40,318852,16
4TL0TI5WAALM6P0AH,759814,28
VIOMZ3660T8XTY6RC,3884333,15
7AQPGU50TED28A7G6,5987894,7
PSRCQ6DW4S2N7175C,5975886,8
EX2GMK7UHXBM6P2OW,505192,5
4HER62QO48L3HOLG6,6755276,22
09SYGN7IXDQV5X9IP,1805799,23
4HER62QO48L3HOLG6,1929658,6
6O996AT92IZ9926S5,713389,12
F5AUCVPQMIXFMLKNY,6059641,28
5P7TLU9HROJCCH8XF,4305789,19
1MFXZRYV4MFOBXIAJ,619151,21
DWJ0GFUKS12L7Y0G9,5396543,23
SSP73CDZATG8LX9V1,5786312,23
4TL0TI5WAALM6P0AH,547574,5
V1SRV6QGJWWC8JVW0,739736,15
LMHCV45KAJNLAV6CI,775213,7
D0HW4TD0CUW9XJQPX,5439,17
15J0ZCH8C1O665RTF,1892136,3
IGOQX9XYBSRDMOZXT,6537601,13
JTZWA92S5243CPZDG,6845058,8
375WULANW2HVOVK5J,1704878,20
T16X6RLA2J523LYRZ,812405,8
OBPVWFPY1GIGMACGG,1723522,15
R6XC1HPW2F2OYGFS2,3949959,10
63FO2A0KBYVLDNRAA,670219,28
375WULANW2HVOVK5J,6898166,15
SKH4GHZSBWP3QGNNK,6689724,21
EX2GMK7UHXBM6P2OW,6052363,3
ITDKGZGY3D1CQ22P4,5855426,10
FA2OC6FGIMI4S37PU,2064399,20
BJSA6PK9IP3QNY0GU,1710655,13
I9WWI0Z0BQBBIKN76,3019185,19
6RNZ6V20ZBCHCCIPT,3157744,8
A4JYPUIFCGXQSH8XL,5339367,17
PSRCQ6DW4S2N7175C,3596255,23
MUIZHHC8NUPU3856X,4196283,13
VNTN2FOUQHBSVRLKZ,3660851,23
GFMBMLM8423RIAEDD,1531023,12
FXIQJ8T0RNKU5YYZL,1503507,19
I9WWI0Z0BQBBIKN76,476355,7
KVXACS7SB5O59ARQP,2237238,16
H9QCKG6XB01NQCZO9,1338679,12
NYD2J0FAEI05SQVAY,729303,3
G6R001Q73KLXUDPTV,5261838,8
VEYQK2P1HT4EDEU8Z,3359325,19
IAXUMLO4Y4HXEEHHC,424853,13
UP8K03IYUM8HZ8NLC,1934407,19
Y144TELK1D0Z0KLVV,5184002,10
VBCVVZPLR5KW0VKDX,6184568,20
79KX9A87LHVX4DRM4,6058790,17
E0P3U76BSR8JVOEAS,4345637,22
Z4HM8TL716AK8U17L,2090692,26
IAXUMLO4Y4HXEEHHC,6414678,20
4GM0V34SHZCQY338K,1930046,5
MHREEFELDOONUMCHP,4794697,13
73LDIXZVJOQFRMHNZ,1751453,8
G6R001Q73KLXUDPTV,2830239,16
Y6PZ8ICUVSNUUVGC6,4862053,7
OCCKGZM8DIZCYX3CJ,6293646,3
OQ5Y6DD3YNNZYDOK7,3076506,15
IC9TR053SOF1562RK,572104,20
FXIQJ8T0RNKU5YYZL,4333395,2
Z4HM8TL716AK8U17L,500824,13
QNCADSU9WB6X6JEXE,1529127,28
U5I6FRV4Z2WTHAYXA,4286748,4
9NWFWJ38XN31WBFXG,5326182,15
Z4HM8TL716AK8U17L,5714953,19
Z4HM8TL716AK8U17L,88229,6
RVDHIRC8T2IA2OUOW,6225167,17
C89YVYS8RINE8LHLO,1175424,22
UP8K03IYUM8HZ8NLC,2048662,13
KIULTEGOP4LWPVDNF,6683474,28
FQJP2PBU50DG45YX3,5170860,21
Y144TELK1D0Z0KLVV,2865390,1
BQLAQGMLUN5Y6VU3U,3111233,20
EX2GMK7UHXBM6P2OW,3567690,19
YVS0D5GU52ULP7YLI,2499503,15
A4LKAXWACFA995KE1,4083841,20
LYQEIHF686T8C6FUH,393374,8
A4LKAXWACFA995KE1,1676385,25
ITDKGZGY3D1CQ22P4,6317664,23
IHBDM8XWHP0LUZ7NR,6951883,4
9F27PNL29KIWUI8V1,5435361,1
DJXLPRMY5ZZMANLU6,1114210,15
6T645BU8TYM8VGXKO,5061205,9
GTLAUQABS3K1IHWCJ,455315,17
E0P3U76BSR8JVOEAS,692991,9
Z8WH1L99SI8KI6NIV,6344934,18
OBPVWFPY1GIGMACGG,4695234,26
D0HW4TD0CUW9XJQPX,6108812,22
63FO2A0KBYVLDNRAA,4493490,20
N28ZTD9G5EYTS9PZY,4091302,23
1LFTDYT2H0I9ZG3S8,58419,2
N28ZTD9G5EYTS9PZY,6092721,13
J899WRG0VOOF1WON0,5271437,23
LMHCV45KAJNLAV6CI,3919961,26
U5I6FRV4Z2WTHAYXA,6035806,12
SSP73CDZATG8LX9V1,2150130,5
VBCVVZPLR5KW0VKDX,4447495,3
N28ZTD9G5EYTS9PZY,5544718,9
83Y10YDW1OI06N9ZM,247008,8
63FO2A0KBYVLDNRAA,4636861,4
R7Q4Z9AULIORDJQ9D,5026359,18
83Y10YDW1OI06N9ZM,2836041,28
R6XC1HPW2F2OYGFS2,3878298,25
V2NG3GK779G8J7A0S,2212381,9
X4YOXMSTBUXXCUOGK,2521423,7
5VVHS1PF81H0K03QN,412892,21
DLTTACGP89H6U008M,5460189,13
VEYQK2P1HT4EDEU8Z,2216228,13
E0P3U76BSR8JVOEAS,4631629,12
V4LNPTIOKCV53PIHE,4704065,21
ITDKGZGY3D1CQ22P4,6889171,26
BUDE132ZGBWCF5SIZ,3962639,2
A4LKAXWACFA995KE1,274968,4
A4JYPUIFCGXQSH8XL,4438376,21
XEVZL0LOYONKMBWZY,4997850,7
K2DBNBQ09G1QCCD7W,3095812,1
FDS0N1SJL1R9K1IB4,1252165,7
GFMBMLM8423RIAEDD,4167184,5
T16X6RLA2J523LYRZ,1306711,6
K4BAGGWMVBZXC8Z0R,2501431,21
6RNZ6V20ZBCHCCIPT,3797822,10
EX2GMK7UHXBM6P2OW,5480524,15
T16X6RLA2J523LYRZ,6827215,12
BQLAQGMLUN5Y6VU3U,3773793,25
U5I6FRV4Z2WTHAYXA,493708,1
SUK8675QWKY38XUZB,2410401,3
BOWGL6ZFJ8V4E620T,6807023,12
A4LKAXWACFA995KE1,996127,8
977FYO2GIYKZOIEB6,4593976,9
9IL03MCKH41ZX8EVC,419006,13
SUK8675QWKY38XUZB,974623,9
OBPVWFPY1GIGMACGG,4895874,16
FGGU9EADWBBLHKHYI,473745,23
XRD31U4F7GM99U92O,4517462,9
MUIZHHC8NUPU3856X,1408780,18
R6XC1HPW2F2OYGFS2,1956488,6
6RNZ6V20ZBCHCCIPT,4483599,25
T16X6RLA2J523LYRZ,6964777,4
R6XC1HPW2F2OYGFS2,1131003,4
KUD4O3VLEGN7O0D3B,4876066,7
7ZQT4ZSYX2JJH3BHK,6805337,23
6O996AT92IZ9926S5,6846590,4
8JB7CPERPX344FYNY,5795279,2
RRS0030J6RHTUQ2RK,627781,18
VNTN2FOUQHBSVRLKZ,5297643,25
KLRH1ZESF492S056H,2076358,9
H9QCKG6XB01NQCZO9,4979337,1
KXDUI2BQC1ZQ25O4C,5004187,6
AXH5M6W00RW6A1MRV,775948,17
IC9TR053SOF1562RK,4582970,26
KIULTEGOP4LWPVDNF,1656671,23
XEVZL0LOYONKMBWZY,144131,1
PEYORPWSHOAUXOPB8,1022086,1
KUD4O3VLEGN7O0D3B,5171120,28
K2DBNBQ09G1QCCD7W,1772548,17
Z8WH1L99SI8KI6NIV,6973944,10
IAXUMLO4Y4HXEEHHC,1584415,16
IHBDM8XWHP0LUZ7NR,5871902,22
OJQZJBSXV2EELB04H,3651266,21
VU97XYAGZZS7LOG4E,4126117,4
BJSA6PK9IP3QNY0GU,1633027,19
FA2OC6FGIMI4S37PU,1865348,15
QNCADSU9WB6X6JEXE,1090578,26
RVDHIRC8T2IA2OUOW,6009014,21
V2NG3GK779G8J7A0S,6213878,21
4M67RWDJ0PY180OMY,6570423,28
9Y4LCJDQLDU43LOK4,1924681,13
L8NOLOQ0MHSBXLPC8,4514847,28
ZBRHGSC2D0501QLTX,1289281,17
7PLLCJPG8BTDR1ND3,6204626,21
9F27PNL29KIWUI8V1,3804419,7
2XCK13Y6KY3FTUJ0T,4304578,21
Y6PZ8ICUVSNUUVGC6,6310886,19
IHBDM8XWHP0LUZ7NR,3531004,5
MGD1S17DROU71KI80,15677,15
9IL03MCKH41ZX8EVC,5128464,12
7PLLCJPG8BTDR1ND3,6693357,6
BQLAQGMLUN5Y6VU3U,4660498,15
OJQZJBSXV2EELB04H,5595376,3
BQLAQGMLUN5Y6VU3U,4285817,4
2XCK13Y6KY3FTUJ0T,6179586,8
3QWPW0GFU2JIA5UE4,5307552,2
HDTGP1H5F336COXZX,5039257,12
PEYORPWSHOAUXOPB8,3716387,18
DLRDFJ40BGVP9H10W,3770312,26
SSP73CDZATG8LX9V1,6116618,4
OQ5Y6DD3YNNZYDOK7,6145053,3
NDN0JWDWD4PJPHKO9,75498,3
83Y10YDW1OI06N9ZM,337701,7
JTZWA92S5243CPZDG,5948939,28
K4BAGGWMVBZXC8Z0R,6028607,18
FDS0N1SJL1R9K1IB4,3629748,25
VHX791SAUG7W7R63P,4692847,1
OEZ236PKMC6MBM3TB,6067561,17
XT6P8GPRWDSJSYZKR,6288630,25
G6R001Q73KLXUDPTV,663360,19
T16X6RLA2J523LYRZ,2699777,19
IGOQX9XYBSRDMOZXT,2169248,16
9DQS2WEXYFKHTNXUB,3667271,3
GTLAUQABS3K1IHWCJ,5637131,23
2XCK13Y6KY3FTUJ0T,2999244,13
SSP73CDZATG8LX9V1,4467846,8
5CS7MKN5CCCZTYEH8,1608709,7
E0P3U76BSR8JVOEAS,4438595,8
LATSV8PKLN0G0XSCQ,1458645,5
1MFXZRYV4MFOBXIAJ,2269674,6
H9QCKG6XB01NQCZO9,4694755,25
0TQ17VI65FDDKT227,1784677,2
XRD31U4F7GM99U92O,6551837,7
FXIQJ8T0RNKU5YYZL,5330873,3
D0HW4TD0CUW9XJQPX,5516393,18
GFMBMLM8423RIAEDD,5094566,28
FDS0N1SJL1R9K1IB4,6669599,2
OJQZJBSXV2EELB04H,79332,7
K4BAGGWMVBZXC8Z0R,515106,12
XT6P8GPRWDSJSYZKR,2903337,28
4M67RWDJ0PY180OMY,4170606,26
375WULANW2HVOVK5J,1883554,4
3QWPW0GFU2JIA5UE4,5607093,8
V4LNPTIOKCV53PIHE,4012462,1
IHBDM8XWHP0LUZ7NR,5335784,13
T3ZXYYXXBKASGDXYG,3937514,28
XEVZL0LOYONKMBWZY,6264458,8
IGOQX9XYBSRDMOZXT,4157940,19
4M67RWDJ0PY180OMY,4533698,15
15J0ZCH8C1O665RTF,1726871,13
51UQ4XPBN39O7QIOO,5603649,20
ORSVN3W6R6KI4L6K7,2647652,9
8JB7CPERPX344FYNY,4343548,8
2XCK13Y6KY3FTUJ0T,1304866,10
K7OLAZQZTOKBXBQVR,6778258,28
DLTTACGP89H6U008M,2392378,3
BJ37EOP5EGMDLO3MP,2220461,20
HDTGP1H5F336COXZX,1201841,20
AXH5M6W00RW6A1MRV,4629381,28
OEZ236PKMC6MBM3TB,5847506,18
J899WRG0VOOF1WON0,5514185,3
KUD4O3VLEGN7O0D3B,3557733,21
LATSV8PKLN0G0XSCQ,4788213,8
C89YVYS8RINE8LHLO,2402453,20
6RNZ6V20ZBCHCCIPT,2437103,9
6O996AT92IZ9926S5,1957322,8
XYYJ1CS2J4N0KXRG2,6104337,21
4GM0V34SHZCQY338K,3338124,28
R7Q4Z9AULIORDJQ9D,6239058,7
Y6PZ8ICUVSNUUVGC6,346816,13
RVDHIRC8T2IA2OUOW,6658329,4
NDN0JWDWD4PJPHKO9,1987739,17
9Y4LCJDQLDU43LOK4,1282306,16
5P7TLU9HROJCCH8XF,207546,13
JTZWA92S5243CPZDG,4562717,9
MUIZHHC8NUPU3856X,4810026,2
ORSVN3W6R6KI4L6K7,1290688,5
R7Q4Z9AULIORDJQ9D,4348422,13
D7UUQ6CP4DWYGZF0Z,468701,21
FQJP2PBU50DG45YX3,3911132,8
BUDE132ZGBWCF5SIZ,3176039,12
GTLAUQABS3K1IHWCJ,2227593,19
KCLWQ204AZ5D2W8QN,2141716,15
FQJP2PBU50DG45YX3,5496454,12
IHBDM8XWHP0LUZ7NR,946922,16
K4BAGGWMVBZXC8Z0R,3900335,9
7PLLCJPG8BTDR1ND3,5051963,13
FGGU9EADWBBLHKHYI,3169197,10
NYD2J0FAEI05SQVAY,4389545,4
15J0ZCH8C1O665RTF,1505968,4
OCCKGZM8DIZCYX3CJ,1903585,28
15J0ZCH8C1O665RTF,4478986,6
9G2XZ3XNAY7J6KTJN,3437615,13
Z8WH1L99SI8KI6NIV,6053467,9
UOHQ6DHPAN7V486JH,4511512,16
977FYO2GIYKZOIEB6,5545069,17
IC9TR053SOF1562RK,4044902,22
LATSV8PKLN0G0XSCQ,6446445,16
5VVHS1PF81H0K03QN,5607730,15
XRD31U4F7GM99U92O,5327009,16
9DQS2WEXYFKHTNXUB,651498,4
VU97XYAGZZS7LOG4E,3784873,9
9Y4LCJDQLDU43LOK4,5693555,10
AERG7GPQIBQXOGOHX,1757531,16
DJXLPRMY5ZZMANLU6,5210979,19
3QWPW0GFU2JIA5UE4,5737441,12
C89YVYS8RINE8LHLO,6114972,4
NDN0JWDWD4PJPHKO9,341318,13
ZBRHGSC2D0501QLTX,5426052,3
869YG73INQB5W1NQT,6740659,7
KUD4O3VLEGN7O0D3B,6146409,10
Z4HM8TL716AK8U17L,1881766,10
OBPVWFPY1GIGMACGG,5226847,3
X4YOXMSTBUXXCUOGK,1289484,12
UP8K03IYUM8HZ8NLC,1377646,15
D0HW4TD0CUW9XJQPX,5621260,21
BJ37EOP5EGMDLO3MP,920450,3
LMHCV45KAJNLAV6CI,3804962,18
1MFXZRYV4MFOBXIAJ,3061211,26
FA2OC6FGIMI4S37PU,6607450,4
T16X6RLA2J523LYRZ,5059525,10
UXT0SVW2ICMQTZACJ,5572373,15
Y144TELK1D0Z0KLVV,6495972,19
XYYJ1CS2J4N0KXRG2,1025086,5
FA2OC6FGIMI4S37PU,1354646,22
BJSA6PK9IP3QNY0GU,964980,22
SKH4GHZSBWP3QGNNK,2020214,7
9G2XZ3XNAY7J6KTJN,5364505,10
FGGU9EADWBBLHKHYI,6411638,2
F5AUCVPQMIXFMLKNY,207923,4
T3ZXYYXXBKASGDXYG,4540762,18
LMHCV45KAJNLAV6CI,2006571,21
ORSVN3W6R6KI4L6K7,2161101,21
4HER62QO48L3HOLG6,2042294,8
WLHSCECOGSRZSUK44,3108972,16
Y9LTUSGD9M83VAB0I,5186849,22
5SKDNN35BDFYCRZ3T,6029474,26
IAXUMLO4Y4HXEEHHC,6544667,9
4GM0V34SHZCQY338K,2721915,7
WI9LBMXJ0YIBEJ357,340380,10
7MQU99ZO49YXI2EDE,3266848,9
K7OLAZQZTOKBXBQVR,4417259,21
EX2GMK7UHXBM6P2OW,6539080,9
I9WWI0Z0BQBBIKN76,1267995,5
IC9TR053SOF1562RK,5064495,5
3QWPW0GFU2JIA5UE4,468221,3
1MFXZRYV4MFOBXIAJ,2464282,2
MUIZHHC8NUPU3856X,2345118,20
MUIZHHC8NUPU3856X,6368671,16
WLHSCECOGSRZSUK44,2676215,10
RVDHIRC8T2IA2OUOW,6510711,6
OCCKGZM8DIZCYX3CJ,6736020,4
IHBDM8XWHP0LUZ7NR,3630558,2
UOHQ6DHPAN7V486JH,1268730,5
E0ZB60NF3G5K4VREU,1872559,13
E0ZB60NF3G5K4VREU,1407986,18
DLTTACGP89H6U008M,5203220,16
L8NOLOQ0MHSBXLPC8,2260560,18
DWJ0GFUKS12L7Y0G9,2036986,4
U01UYM0KLQO7ZMKXL,5036700,15
9DQS2WEXYFKHTNXUB,402965,26
KUD4O3VLEGN7O0D3B,1829133,25
BQLAQGMLUN5Y6VU3U,4325512,8
15J0ZCH8C1O665RTF,1921892,2
UXT0SVW2ICMQTZACJ,1637302,8
FXIQJ8T0RNKU5YYZL,3316267,5
J899WRG0VOOF1WON0,1800177,4
EX2GMK7UHXBM6P2OW,528948,1
3QWPW0GFU2JIA5UE4,4777318,16
AXH5M6W00RW6A1MRV,5014760,8
Y9LTUSGD9M83VAB0I,862783,7
7AQPGU50TED28A7G6,3874484,21
RRS0030J6RHTUQ2RK,1452641,10
V1SRV6QGJWWC8JVW0,2755344,4
9NWFWJ38XN31WBFXG,4892777,22
09SYGN7IXDQV5X9IP,6912535,4
SUK8675QWKY38XUZB,4248197,21
NYD2J0FAEI05SQVAY,4909629,15
7AQPGU50TED28A7G6,1506011,25
9Y4LCJDQLDU43LOK4,6861469,8
HDTGP1H5F336COXZX,4147503,2
DWJ0GFUKS12L7Y0G9,1189856,3
FA2OC6FGIMI4S37PU,129909,6
FDS0N1SJL1R9K1IB4,1098467,15
E0P3U76BSR8JVOEAS,1250511,16
Y9LTUSGD9M83VAB0I,4878392,28
YVS0D5GU52ULP7YLI,671644,3
AIQASN1W6XH7O9AI8,2966551,6
5VVHS1PF81H0K03QN,3279066,16
DJXLPRMY5ZZMANLU6,148791,8
9IL03MCKH41ZX8EVC,4845120,6
V1SRV6QGJWWC8JVW0,4717492,18
D7UUQ6CP4DWYGZF0Z,4186114,5
977FYO2GIYKZOIEB6,4323730,5
YVS0D5GU52ULP7YLI,2504992,1
ITDKGZGY3D1CQ22P4,1606082,17
977FYO2GIYKZOIEB6,5274954,12
K2DBNBQ09G1QCCD7W,2395620,6
1MFXZRYV4MFOBXIAJ,1724548,25
JTZWA92S5243CPZDG,817806,15
X4YOXMSTBUXXCUOGK,6349637,21
C89YVYS8RINE8LHLO,6092522,7
IHBDM8XWHP0LUZ7NR,674973,15
0TTW5R9RRCJ0A9E5F,3967031,20
9G2XZ3XNAY7J6KTJN,3414741,28
R6XC1HPW2F2OYGFS2,5903900,16
09SYGN7IXDQV5X9IP,6615922,12
MHREEFELDOONUMCHP,455466,10
UP8K03IYUM8HZ8NLC,6221961,17
KXDUI2BQC1ZQ25O4C,4322893,28
FA2OC6FGIMI4S37PU,3951320,25
5SKDNN35BDFYCRZ3T,3856218,2
D0HW4TD0CUW9XJQPX,6560883,26
HDTGP1H5F336COXZX,1350900,15
9NWFWJ38XN31WBFXG,3050499,7
R6XC1HPW2F2OYGFS2,2134811,18
E0ZB60NF3G5K4VREU,3165181,1
9DQS2WEXYFKHTNXUB,215559,13
UXT0SVW2ICMQTZACJ,942134,28
T3ZXYYXXBKASGDXYG,2237424,2
DWJ0GFUKS12L7Y0G9,4662786,13
5SKDNN35BDFYCRZ3T,1391905,18
OCCKGZM8DIZCYX3CJ,3768217,18
LMHCV45KAJNLAV6CI,3051865,5
OBPVWFPY1GIGMACGG,5032644,5
VIOMZ3660T8XTY6RC,1332309,18
3QWPW0GFU2JIA5UE4,3663262,13
I9WWI0Z0BQBBIKN76,2251050,28
AIQASN1W6XH7O9AI8,2476545,28
RVDHIRC8T2IA2OUOW,5111317,18
L8NOLOQ0MHSBXLPC8,1346820,5
KVXACS7SB5O59ARQP,5444792,8
H9QCKG6XB01NQCZO9,423749,15
LYQEIHF686T8C6FUH,1039450,4
6N7C2M20A97S9IENG,1567924,28
E0ZB60NF3G5K4VREU,5195754,6
BQLAQGMLUN5Y6VU3U,4476506,17
KUD4O3VLEGN7O0D3B,4165536,17
0TTW5R9RRCJ0A9E5F,5963402,1
OL2AN4Q8PF7T5DNJA,3516604,17
BJSA6PK9IP3QNY0GU,2849735,2
LMHCV45KAJNLAV6CI,6466140,8
OCCKGZM8DIZCYX3CJ,1831892,2
QNCADSU9WB6X6JEXE,6577251,10
SUK8675QWKY38XUZB,1452410,6
BUDE132ZGBWCF5SIZ,6706622,15
L8NOLOQ0MHSBXLPC8,2116606,2
K4BAGGWMVBZXC8Z0R,5144394,19
5VVHS1PF81H0K03QN,1583742,6
AERG7GPQIBQXOGOHX,1035394,22
C89YVYS8RINE8LHLO,4397039,1
0TQ17VI65FDDKT227,4027741,28
K2DBNBQ09G1QCCD7W,588516,7
VNTN2FOUQHBSVRLKZ,231515,12
ZBRHGSC2D0501QLTX,4393683,16
4M67RWDJ0PY180OMY,577193,18
KXDUI2BQC1ZQ25O4C,5130898,10
09SYGN7IXDQV5X9IP,5409894,7
7ZQT4ZSYX2JJH3BHK,1610571,13
D0HW4TD0CUW9XJQPX,3543075,3
G6R001Q73KLXUDPTV,1980047,25
VNTN2FOUQHBSVRLKZ,4504722,6
63FO2A0KBYVLDNRAA,4545491,6
6RNZ6V20ZBCHCCIPT,1267359,21
3QWPW0GFU2JIA5UE4,5457514,5
FBMRRTAV36KC40D1Z,147746,3
1LFTDYT2H0I9ZG3S8,1635400,10
IAXUMLO4Y4HXEEHHC,554068,15
T16X6RLA2J523LYRZ,800843,5
79KX9A87LHVX4DRM4,85715,2
R7Q4Z9AULIORDJQ9D,1585528,1
C89YVYS8RINE8LHLO,2685470,3
K7OLAZQZTOKBXBQVR,884162,9
NDN0JWDWD4PJPHKO9,28438,25
KCLWQ204AZ5D2W8QN,6147329,28
DJXLPRMY5ZZMANLU6,1323182,13
D0HW4TD0CUW9XJQPX,5380051,13
KXDUI2BQC1ZQ25O4C,6179999,7
EX2GMK7UHXBM6P2OW,6663103,4
7ZQT4ZSYX2JJH3BHK,5740322,6
VHX791SAUG7W7R63P,5599848,5
F5AUCVPQMIXFMLKNY,6011988,23
THJ9OBJH3W6ANRCMS,5134534,25
MUIZHHC8NUPU3856X,2195064,10
9G2XZ3XNAY7J6KTJN,2464152,17
C89YVYS8RINE8LHLO,3892933,17
2XCK13Y6KY3FTUJ0T,1170834,9
OCCKGZM8DIZCYX3CJ,1132842,7
U01UYM0KLQO7ZMKXL,6569075,10
LATSV8PKLN0G0XSCQ,3679189,10
5CS7MKN5CCCZTYEH8,5358620,26
9IL03MCKH41ZX8EVC,3881413,26
7ZQT4ZSYX2JJH3BHK,5362705,21
JTZWA92S5243CPZDG,3447225,3
FBMRRTAV36KC40D1Z,3953074,12
7ZQT4ZSYX2JJH3BHK,5810556,8
IC9TR053SOF1562RK,1429275,15
R7Q4Z9AULIORDJQ9D,556894,8
I9WWI0Z0BQBBIKN76,5271858,10
X4YOXMSTBUXXCUOGK,1326953,4
5SKDNN35BDFYCRZ3T,3323266,16
L8NOLOQ0MHSBXLPC8,6300800,13
73LDIXZVJOQFRMHNZ,611030,3
VEYQK2P1HT4EDEU8Z,472060,18
V4LNPTIOKCV53PIHE,526313,8
XYYJ1CS2J4N0KXRG2,5727269,20
NDN0JWDWD4PJPHKO9,1041612,15
T16X6RLA2J523LYRZ,5493070,17
9F27PNL29KIWUI8V1,5341829,6
Y144TELK1D0Z0KLVV,2360058,22
D0HW4TD0CUW9XJQPX,5765799,12
ORSVN3W6R6KI4L6K7,4547577,15
Z8WH1L99SI8KI6NIV,3973551,3
DJXLPRMY5ZZMANLU6,1594962,16
WI9LBMXJ0YIBEJ357,5217237,20
R7Q4Z9AULIORDJQ9D,2780015,3
79KX9A87LHVX4DRM4,852107,18
51UQ4XPBN39O7QIOO,4091043,3
XYYJ1CS2J4N0KXRG2,1069910,8
977FYO2GIYKZOIEB6,804914,21
UOHQ6DHPAN7V486JH,4693299,28
FQJP2PBU50DG45YX3,1646797,19
C89YVYS8RINE8LHLO,365963,5
KXDUI2BQC1ZQ25O4C,2303576,8
R6XC1HPW2F2OYGFS2,6103328,19
BJSA6PK9IP3QNY0GU,3532064,17
T3ZXYYXXBKASGDXYG,5733362,8
VIOMZ3660T8XTY6RC,3946518,13
J899WRG0VOOF1WON0,3314922,18
6N7C2M20A97S9IENG,5090808,25
KUD4O3VLEGN7O0D3B,6817329,22
GFMBMLM8423RIAEDD,4362455,13
VNTN2FOUQHBSVRLKZ,6546094,20
DLTTACGP89H6U008M,4107789,10
ORSVN3W6R6KI4L6K7,3471029,4
OCCKGZM8DIZCYX3CJ,5599991,12
79KX9A87LHVX4DRM4,1845627,1
THJ9OBJH3W6ANRCMS,332230,5
AXH5M6W00RW6A1MRV,2635052,21
C89YVYS8RINE8LHLO,1122913,16
YVS0D5GU52ULP7YLI,3957071,9
K7OLAZQZTOKBXBQVR,3664327,17
7ZQT4ZSYX2JJH3BHK,4686822,9
MUIZHHC8NUPU3856X,5352865,25
XTUS49QJ4P8A8OCOB,6528963,5
869YG73INQB5W1NQT,3300354,4
09SYGN7IXDQV5X9IP,5549391,3
NYD2J0FAEI05SQVAY,3377660,19
5SKDNN35BDFYCRZ3T,5009729,15
F5AUCVPQMIXFMLKNY,1390961,3
869YG73INQB5W1NQT,3041966,18
VZPJAHRX89B2CPA40,2379742,20
VIOMZ3660T8XTY6RC,3231644,20
F5AUCVPQMIXFMLKNY,6794201,12
63FO2A0KBYVLDNRAA,6900571,12
L8NOLOQ0MHSBXLPC8,6478392,21
U01UYM0KLQO7ZMKXL,4885194,3
VEYQK2P1HT4EDEU8Z,967968,17
AERG7GPQIBQXOGOHX,6194285,12
0TTW5R9RRCJ0A9E5F,2768627,9
YVS0D5GU52ULP7YLI,3178641,21
7MQU99ZO49YXI2EDE,686066,8
A4JYPUIFCGXQSH8XL,2515533,23
4M67RWDJ0PY180OMY,4521422,19
DLRDFJ40BGVP9H10W,702687,17
5VVHS1PF81H0K03QN,3040434,26
Z8WH1L99SI8KI6NIV,6981271,19
1LFTDYT2H0I9ZG3S8,562967,7
FQJP2PBU50DG45YX3,5199864,7
QNCADSU9WB6X6JEXE,3167407,6
FBMRRTAV36KC40D1Z,3880620,22
FQJP2PBU50DG45YX3,5028988,1
J899WRG0VOOF1WON0,6407230,1
FA2OC6FGIMI4S37PU,6296054,9
MGD1S17DROU71KI80,3946919,6
RVDHIRC8T2IA2OUOW,299184,23
DWJ0GFUKS12L7Y0G9,6622448,5
73LDIXZVJOQFRMHNZ,5984884,20
V2NG3GK779G8J7A0S,3240430,28
R7Q4Z9AULIORDJQ9D,125433,21
5P7TLU9HROJCCH8XF,2310373,2
V4LNPTIOKCV53PIHE,5503322,26
VNTN2FOUQHBSVRLKZ,475782,2
IC9TR053SOF1562RK,1251676,23
FBMRRTAV36KC40D1Z,5625940,10
ZBRHGSC2D0501QLTX,851105,22
IAXUMLO4Y4HXEEHHC,6775413,12
5SKDNN35BDFYCRZ3T,6458234,5
OCCKGZM8DIZCYX3CJ,6620027,16
9F27PNL29KIWUI8V1,2230956,21
9NWFWJ38XN31WBFXG,1383115,20
OL2AN4Q8PF7T5DNJA,2665185,19
3PS05CCLIJVJ8J2KT,5919343,7
KUD4O3VLEGN7O0D3B,2117398,2
9G2XZ3XNAY7J6KTJN,5808647,22
IHBDM8XWHP0LUZ7NR,373690,7
0TTW5R9RRCJ0A9E5F,284983,16
MUIZHHC8NUPU3856X,3284625,3
E0ZB60NF3G5K4VREU,6964031,8
9DQS2WEXYFKHTNXUB,702604,16
D7UUQ6CP4DWYGZF0Z,1793847,17
VU97XYAGZZS7LOG4E,714835,7
F5AUCVPQMIXFMLKNY,1487804,26
XEVZL0LOYONKMBWZY,6704855,28
VHX791SAUG7W7R63P,2925547,18
LMHCV45KAJNLAV6CI,955938,2
869YG73INQB5W1NQT,1972005,22
OQ5Y6DD3YNNZYDOK7,680880,22
KCLWQ204AZ5D2W8QN,215820,17
Z4HM8TL716AK8U17L,6367164,20
AIQASN1W6XH7O9AI8,1365841,10
C89YVYS8RINE8LHLO,1456857,9
4GM0V34SHZCQY338K,1401335,2
PSRCQ6DW4S2N7175C,3455658,10
X4YOXMSTBUXXCUOGK,5554075,28
THJ9OBJH3W6ANRCMS,4960706,23
RVDHIRC8T2IA2OUOW,5652403,13
FQJP2PBU50DG45YX3,6195490,23
VBCVVZPLR5KW0VKDX,5660945,13
6N7C2M20A97S9IENG,959935,7
L8NOLOQ0MHSBXLPC8,3676079,6
6T645BU8TYM8VGXKO,4990264,28
6O996AT92IZ9926S5,5924854,28
DJXLPRMY5ZZMANLU6,535019,25
PQHMTD7TS2Q7AM9C6,4684176,28
LYQEIHF686T8C6FUH,3659127,25
5VVHS1PF81H0K03QN,1464024,22
6RNZ6V20ZBCHCCIPT,4885360,12
NDN0JWDWD4PJPHKO9,6174455,4
8JB7CPERPX344FYNY,235352,7
SSP73CDZATG8LX9V1,3675825,7
Z8WH1L99SI8KI6NIV,3621692,4
U5I6FRV4Z2WTHAYXA,6023369,19
BJ37EOP5EGMDLO3MP,6261986,28
6N7C2M20A97S9IENG,4127589,10
1LFTDYT2H0I9ZG3S8,4182436,1
4GM0V34SHZCQY338K,3703351,3
63FO2A0KBYVLDNRAA,4967109,26
WI9LBMXJ0YIBEJ357,4249148,15
7AQPGU50TED28A7G6,3696806,19
VHX791SAUG7W7R63P,6862526,28
4GM0V34SHZCQY338K,6210483,13
FBMRRTAV36KC40D1Z,1705572,25
6O996AT92IZ9926S5,6823610,15
D7UUQ6CP4DWYGZF0Z,97658,28
VU97XYAGZZS7LOG4E,1302512,5
VEYQK2P1HT4EDEU8Z,229438,3
F5AUCVPQMIXFMLKNY,2178348,7
XEVZL0LOYONKMBWZY,5593989,18
5CS7MKN5CCCZTYEH8,910946,5
I9WWI0Z0BQBBIKN76,5090723,18
FA2OC6FGIMI4S37PU,2335822,19
T16X6RLA2J523LYRZ,443783,18
7AQPGU50TED28A7G6,8942,26
IHBDM8XWHP0LUZ7NR,1427950,20
NYD2J0FAEI05SQVAY,5351593,18
KCLWQ204AZ5D2W8QN,53755,19
AIQASN1W6XH7O9AI8,6364969,8
LATSV8PKLN0G0XSCQ,1812344,6
YVS0D5GU52ULP7YLI,4212103,13
3QWPW0GFU2JIA5UE4,5883721,17
6T645BU8TYM8VGXKO,715617,12
DLTTACGP89H6U008M,4709053,6
SKH4GHZSBWP3QGNNK,6380287,15
V4LNPTIOKCV53PIHE,3713812,3
NDN0JWDWD4PJPHKO9,27326,10
83Y10YDW1OI06N9ZM,3776908,17
BJSA6PK9IP3QNY0GU,737613,21
Z4HM8TL716AK8U17L,4848737,12
R6XC1HPW2F2OYGFS2,5604533,17
SSP73CDZATG8LX9V1,2862099,2
Z8WH1L99SI8KI6NIV,1974942,20
A4JYPUIFCGXQSH8XL,5970250,6
H9QCKG6XB01NQCZO9,2550687,26
KLRH1ZESF492S056H,4196559,19
VU97XYAGZZS7LOG4E,95421,1
IHBDM8XWHP0LUZ7NR,2342681,26
9Y4LCJDQLDU43LOK4,6562205,23
OJQZJBSXV2EELB04H,5927531,19
869YG73INQB5W1NQT,1624359,8
7PLLCJPG8BTDR1ND3,2875262,2
09SYGN7IXDQV5X9IP,2924176,9
I9WWI0Z0BQBBIKN76,6672871,26
UOHQ6DHPAN7V486JH,5620379,23
9NWFWJ38XN31WBFXG,6405578,9
0TTW5R9RRCJ0A9E5F,1722905,4
6T645BU8TYM8VGXKO,3345642,19
U01UYM0KLQO7ZMKXL,4686510,12
HDTGP1H5F336COXZX,5081421,10
7MQU99ZO49YXI2EDE,2517997,2
WLHSCECOGSRZSUK44,5688279,19
MGD1S17DROU71KI80,4724420,4
3PS05CCLIJVJ8J2KT,5452051,20
V4LNPTIOKCV53PIHE,4710170,9
UOHQ6DHPAN7V486JH,6643075,13
FXIQJ8T0RNKU5YYZL,2531489,28
5P7TLU9HROJCCH8XF,406488,5
X4YOXMSTBUXXCUOGK,4526843,1
PEYORPWSHOAUXOPB8,2048900,16
RRS0030J6RHTUQ2RK,4694235,15
LYQEIHF686T8C6FUH,4773385,26
KIULTEGOP4LWPVDNF,4791628,1
9IL03MCKH41ZX8EVC,4875461,9
N28ZTD9G5EYTS9PZY,3497457,1
J899WRG0VOOF1WON0,5717446,5
AXH5M6W00RW6A1MRV,3360350,2
HDTGP1H5F336COXZX,2015388,21
5CS7MKN5CCCZTYEH8,6696611,21
IGOQX9XYBSRDMOZXT,3684700,17
63FO2A0KBYVLDNRAA,5129353,15
VIOMZ3660T8XTY6RC,6969979,1
JTZWA92S5243CPZDG,4965921,10
BOWGL6ZFJ8V4E620T,5722065,4
2XCK13Y6KY3FTUJ0T,5094066,26
XYYJ1CS2J4N0KXRG2,3383816,22
J899WRG0VOOF1WON0,6284098,19
U01UYM0KLQO7ZMKXL,1482248,1
G6R001Q73KLXUDPTV,3803988,6
OEZ236PKMC6MBM3TB,209791,1
VU97XYAGZZS7LOG4E,886118,12
9IL03MCKH41ZX8EVC,2830260,10
U5I6FRV4Z2WTHAYXA,6572859,13
V2NG3GK779G8J7A0S,3016793,2
OJQZJBSXV2EELB04H,4212588,4
D7UUQ6CP4DWYGZF0Z,6099562,26
MGD1S17DROU71KI80,6856316,13
U01UYM0KLQO7ZMKXL,2251885,4
C89YVYS8RINE8LHLO,2608546,19
IGOQX9XYBSRDMOZXT,4136993,20
83Y10YDW1OI06N9ZM,5279190,26
MGD1S17DROU71KI80,3074084,7
GFMBMLM8423RIAEDD,2746971,22
AERG7GPQIBQXOGOHX,6759972,23
E0P3U76BSR8JVOEAS,4495933,7
6T645BU8TYM8VGXKO,3383540,1
SKH4GHZSBWP3QGNNK,4842289,18
X4YOXMSTBUXXCUOGK,3448896,17
HDTGP1H5F336COXZX,2543487,8
GTLAUQABS3K1IHWCJ,3796389,8
4GM0V34SHZCQY338K,3677291,19
4GM0V34SHZCQY338K,3351012,8
Y6PZ8ICUVSNUUVGC6,5622247,26
Y144TELK1D0Z0KLVV,4940878,23
H9QCKG6XB01NQCZO9,4171088,28
XT6P8GPRWDSJSYZKR,3654280,13
XYYJ1CS2J4N0KXRG2,4425127,9
V4LNPTIOKCV53PIHE,5363289,28
KVXACS7SB5O59ARQP,4434564,4
UXT0SVW2ICMQTZACJ,76422,7
BJ37EOP5EGMDLO3MP,6643879,25
A4LKAXWACFA995KE1,1058945,23
FDS0N1SJL1R9K1IB4,3029190,20
BJ37EOP5EGMDLO3MP,3115380,26
SSP73CDZATG8LX9V1,1243801,22
MUIZHHC8NUPU3856X,5075215,15
BUDE132ZGBWCF5SIZ,4847154,16
FQJP2PBU50DG45YX3,6613135,15
VZPJAHRX89B2CPA40,5720503,5
VU97XYAGZZS7LOG4E,5021851,26
ITDKGZGY3D1CQ22P4,4097656,21
869YG73INQB5W1NQT,6206040,6
869YG73INQB5W1NQT,5429996,21
MUIZHHC8NUPU3856X,402361,21
XTUS49QJ4P8A8OCOB,2397587,20
V2NG3GK779G8J7A0S,361252,18
J899WRG0VOOF1WON0,5057537,10
79KX9A87LHVX4DRM4,1927218,7
5CS7MKN5CCCZTYEH8,5136529,23
375WULANW2HVOVK5J,3819605,28
J899WRG0VOOF1WON0,2494474,17
4HER62QO48L3HOLG6,831215,18
SUK8675QWKY38XUZB,3626032,22
BQLAQGMLUN5Y6VU3U,925685,2
SKH4GHZSBWP3QGNNK,4578235,28
HDTGP1H5F336COXZX,5069111,19
KVXACS7SB5O59ARQP,229659,26
XTUS49QJ4P8A8OCOB,4620430,12
YVS0D5GU52ULP7YLI,5111397,19
1LFTDYT2H0I9ZG3S8,776104,6
THJ9OBJH3W6ANRCMS,1008777,13
R7Q4Z9AULIORDJQ9D,396621,20
VNTN2FOUQHBSVRLKZ,1108639,26
BUDE132ZGBWCF5SIZ,3545298,8
79KX9A87LHVX4DRM4,6410710,20
A4JYPUIFCGXQSH8XL,4203575,20
ITDKGZGY3D1CQ22P4,4385325,20
XEVZL0LOYONKMBWZY,2031520,10
E0P3U76BSR8JVOEAS,2889888,15
9DQS2WEXYFKHTNXUB,6061183,10
7PLLCJPG8BTDR1ND3,5590723,28
VNTN2FOUQHBSVRLKZ,4342493,1
7ZQT4ZSYX2JJH3BHK,5435491,28
L8NOLOQ0MHSBXLPC8,4810315,26
DJXLPRMY5ZZMANLU6,5821028,7
9F27PNL29KIWUI8V1,5549656,19
HDTGP1H5F336COXZX,6595349,13
K4BAGGWMVBZXC8Z0R,1033273,28
OBPVWFPY1GIGMACGG,1822218,18
A4LKAXWACFA995KE1,4026644,2
THJ9OBJH3W6ANRCMS,1068066,18
RRS0030J6RHTUQ2RK,3324606,8
DLTTACGP89H6U008M,6178900,21
PQHMTD7TS2Q7AM9C6,5842568,6
4GM0V34SHZCQY338K,6527413,4
KLRH1ZESF492S056H,5029751,25
VNTN2FOUQHBSVRLKZ,5474628,22
AIQASN1W6XH7O9AI8,3127202,18
YVS0D5GU52ULP7YLI,1626777,7
SKH4GHZSBWP3QGNNK,1673862,9
OL2AN4Q8PF7T5DNJA,1572942,26
AXH5M6W00RW6A1MRV,1843043,12
BJSA6PK9IP3QNY0GU,4321361,5
C89YVYS8RINE8LHLO,6432746,18
VZPJAHRX89B2CPA40,2893436,15
MHREEFELDOONUMCHP,4687667,17
Z8WH1L99SI8KI6NIV,6279422,13
PQHMTD7TS2Q7AM9C6,1052505,5
4HER62QO48L3HOLG6,6646748,17
7PLLCJPG8BTDR1ND3,5413313,3
6T645BU8TYM8VGXKO,5828356,10
869YG73INQB5W1NQT,6713891,1
FGGU9EADWBBLHKHYI,3237430,25
869YG73INQB5W1NQT,509385,19
THJ9OBJH3W6ANRCMS,3795835,2
YVS0D5GU52ULP7YLI,2083918,5
73LDIXZVJOQFRMHNZ,4600807,10
UOHQ6DHPAN7V486JH,5700063,8
PEYORPWSHOAUXOPB8,6732322,20
FBMRRTAV36KC40D1Z,2918379,13
EX2GMK7UHXBM6P2OW,3479071,13
OQ5Y6DD3YNNZYDOK7,5664579,10
U01UYM0KLQO7ZMKXL,4165738,8
BQLAQGMLUN5Y6VU3U,3110801,28
51UQ4XPBN39O7QIOO,4084230,15
UP8K03IYUM8HZ8NLC,2774505,5
KLRH1ZESF492S056H,4579139,10
DLRDFJ40BGVP9H10W,3371094,22
2XCK13Y6KY3FTUJ0T,4431393,3
IGOQX9XYBSRDMOZXT,5733253,12
977FYO2GIYKZOIEB6,5497422,25
PSRCQ6DW4S2N7175C,6327893,20
LATSV8PKLN0G0XSCQ,83908,21
AERG7GPQIBQXOGOHX,4811544,20
V4LNPTIOKCV53PIHE,4492647,20
OQ5Y6DD3YNNZYDOK7,497562,21
U5I6FRV4Z2WTHAYXA,2967015,15
SUK8675QWKY38XUZB,6954830,7
7MQU99ZO49YXI2EDE,3637834,4
PSRCQ6DW4S2N7175C,3113119,3
4TL0TI5WAALM6P0AH,476002,22
QNCADSU9WB6X6JEXE,3787462,18
ITDKGZGY3D1CQ22P4,746816,22
FGGU9EADWBBLHKHYI,4870647,15
DWJ0GFUKS12L7Y0G9,2076383,7
IGOQX9XYBSRDMOZXT,3220660,3
A4JYPUIFCGXQSH8XL,1280389,7
U5I6FRV4Z2WTHAYXA,2323256,18
OCCKGZM8DIZCYX3CJ,6295271,19
VNTN2FOUQHBSVRLKZ,6284318,16
6N7C2M20A97S9IENG,5050945,8
FQJP2PBU50DG45YX3,796064,3
3QWPW0GFU2JIA5UE4,5801460,28
BUDE132ZGBWCF5SIZ,5016695,17
A4JYPUIFCGXQSH8XL,3733752,19
DWJ0GFUKS12L7Y0G9,5346077,18
BJSA6PK9IP3QNY0GU,3754913,15
NYD2J0FAEI05SQVAY,5524051,7
0TQ17VI65FDDKT227,4549624,22
XRD31U4F7GM99U92O,6234581,4
EX2GMK7UHXBM6P2OW,2969467,8
09SYGN7IXDQV5X9IP,1305249,15
7ZQT4ZSYX2JJH3BHK,6927680,4
X4YOXMSTBUXXCUOGK,189750,13
869YG73INQB5W1NQT,4271418,12
DLRDFJ40BGVP9H10W,6677810,18
I9WWI0Z0BQBBIKN76,2897265,8
E0P3U76BSR8JVOEAS,4198049,19
BQLAQGMLUN5Y6VU3U,2140292,18
73LDIXZVJOQFRMHNZ,6519696,1
GTLAUQABS3K1IHWCJ,6356350,26
VBCVVZPLR5KW0VKDX,3983875,22
5SKDNN35BDFYCRZ3T,6902327,21
GFMBMLM8423RIAEDD,4553426,19
MUIZHHC8NUPU3856X,1057540,12
4HER62QO48L3HOLG6,938581,19
THJ9OBJH3W6ANRCMS,3649444,20
T3ZXYYXXBKASGDXYG,6404347,6
EX2GMK7UHXBM6P2OW,105877,22
0TQ17VI65FDDKT227,3222430,4
Z4HM8TL716AK8U17L,1055568,2
XT6P8GPRWDSJSYZKR,6568139,3
V4LNPTIOKCV53PIHE,941616,4
4M67RWDJ0PY180OMY,1869150,3
15J0ZCH8C1O665RTF,364114,23
6O996AT92IZ9926S5,3349394,25
WI9LBMXJ0YIBEJ357,249159,4
OQ5Y6DD3YNNZYDOK7,6690671,7
NDN0JWDWD4PJPHKO9,1869902,22
1LFTDYT2H0I9ZG3S8,6521212,23
51UQ4XPBN39O7QIOO,5905968,16
K2DBNBQ09G1QCCD7W,307905,15
THJ9OBJH3W6ANRCMS,5425755,3
OL2AN4Q8PF7T5DNJA,6866824,4
H9QCKG6XB01NQCZO9,3000073,6
A4LKAXWACFA995KE1,1703703,1
FDS0N1SJL1R9K1IB4,5409125,23
X4YOXMSTBUXXCUOGK,6239092,8
MGD1S17DROU71KI80,3688659,25
2XCK13Y6KY3FTUJ0T,3797078,23
6T645BU8TYM8VGXKO,5593456,5
VIOMZ3660T8XTY6RC,5082797,5
WI9LBMXJ0YIBEJ357,2205715,25
L8NOLOQ0MHSBXLPC8,1804538,7
BUDE132ZGBWCF5SIZ,6517197,26
KUD4O3VLEGN7O0D3B,6007645,9
5P7TLU9HROJCCH8XF,4871620,26
A4JYPUIFCGXQSH8XL,1345617,2
T3ZXYYXXBKASGDXYG,5489635,25
BOWGL6ZFJ8V4E620T,843536,1
5CS7MKN5CCCZTYEH8,6896601,16
1LFTDYT2H0I9ZG3S8,5516625,3
VEYQK2P1HT4EDEU8Z,6133251,8
YVS0D5GU52ULP7YLI,371522,26
7PLLCJPG8BTDR1ND3,6870515,5
XRD31U4F7GM99U92O,4485959,8
VZPJAHRX89B2CPA40,1305005,23
IAXUMLO4Y4HXEEHHC,3114170,17
15J0ZCH8C1O665RTF,3045614,17
VEYQK2P1HT4EDEU8Z,116764,7
YVS0D5GU52ULP7YLI,3447488,20
2XCK13Y6KY3FTUJ0T,2663539,16
BQLAQGMLUN5Y6VU3U,217864,26
I9WWI0Z0BQBBIKN76,6356465,13
BQLAQGMLUN5Y6VU3U,3134878,6
NDN0JWDWD4PJPHKO9,4541795,16
Z4HM8TL716AK8U17L,2609009,25
MHREEFELDOONUMCHP,6926450,23
375WULANW2HVOVK5J,1036367,17
XTUS49QJ4P8A8OCOB,4238877,21
MHREEFELDOONUMCHP,4992321,6
DWJ0GFUKS12L7Y0G9,4777959,21
KUD4O3VLEGN7O0D3B,2529858,6
SUK8675QWKY38XUZB,2789174,8
GTLAUQABS3K1IHWCJ,1715560,25
4HER62QO48L3HOLG6,5061915,10
WI9LBMXJ0YIBEJ357,838803,23
D0HW4TD0CUW9XJQPX,919089,28
73LDIXZVJOQFRMHNZ,1251621,13
KVXACS7SB5O59ARQP,5587414,17
D7UUQ6CP4DWYGZF0Z,733065,13
FGGU9EADWBBLHKHYI,5302443,3
5VVHS1PF81H0K03QN,1900391,17
AERG7GPQIBQXOGOHX,5481762,28
A4LKAXWACFA995KE1,2291158,21
BQLAQGMLUN5Y6VU3U,1940768,23
DWJ0GFUKS12L7Y0G9,1465006,19
Y9LTUSGD9M83VAB0I,6215941,13
UP8K03IYUM8HZ8NLC,6601744,23
1LFTDYT2H0I9ZG3S8,1047423,13
MHREEFELDOONUMCHP,6781887,25
OQ5Y6DD3YNNZYDOK7,6580876,9
79KX9A87LHVX4DRM4,5906458,6
FXIQJ8T0RNKU5YYZL,434298,7
7PLLCJPG8BTDR1ND3,3813787,10
DJXLPRMY5ZZMANLU6,3865457,21
SSP73CDZATG8LX9V1,4775372,26
6RNZ6V20ZBCHCCIPT,1700223,22
J899WRG0VOOF1WON0,2225533,8
A4JYPUIFCGXQSH8XL,3341383,16
RRS0030J6RHTUQ2RK,3031596,3
N28ZTD9G5EYTS9PZY,6735993,28
VZPJAHRX89B2CPA40,4955451,25
4GM0V34SHZCQY338K,5699269,12
SKH4GHZSBWP3QGNNK,4300185,8
K7OLAZQZTOKBXBQVR,2150871,26
BUDE132ZGBWCF5SIZ,1364536,20
OBPVWFPY1GIGMACGG,481063,9
D0HW4TD0CUW9XJQPX,1293485,1
9DQS2WEXYFKHTNXUB,2510392,12
HDTGP1H5F336COXZX,2568618,22
FBMRRTAV36KC40D1Z,5615928,28
F5AUCVPQMIXFMLKNY,6553133,8
09SYGN7IXDQV5X9IP,2462142,28
SSP73CDZATG8LX9V1,6246649,19
ORSVN3W6R6KI4L6K7,4780493,20
KCLWQ204AZ5D2W8QN,129606,13
DLTTACGP89H6U008M,6337013,22
EX2GMK7UHXBM6P2OW,4954197,17
SSP73CDZATG8LX9V1,239288,17
UP8K03IYUM8HZ8NLC,6042585,1
FGGU9EADWBBLHKHYI,758327,22
375WULANW2HVOVK5J,748054,1
DLRDFJ40BGVP9H10W,3886500,7
OCCKGZM8DIZCYX3CJ,3212875,13
VU97XYAGZZS7LOG4E,326613,21
V4LNPTIOKCV53PIHE,6067222,12
EX2GMK7UHXBM6P2OW,970186,2
K2DBNBQ09G1QCCD7W,367448,22
IAXUMLO4Y4HXEEHHC,2560836,18
1LFTDYT2H0I9ZG3S8,6753538,4
ITDKGZGY3D1CQ22P4,4950350,2
2XCK13Y6KY3FTUJ0T,5596105,7
WLHSCECOGSRZSUK44,6557130,7
BQLAQGMLUN5Y6VU3U,6387633,19
6O996AT92IZ9926S5,5037446,19
6O996AT92IZ9926S5,6913010,22
UXT0SVW2ICMQTZACJ,5854684,1
BJ37EOP5EGMDLO3MP,6217150,18
3PS05CCLIJVJ8J2KT,374791,19
THJ9OBJH3W6ANRCMS,161363,8
VHX791SAUG7W7R63P,1258567,25
SKH4GHZSBWP3QGNNK,604815,5
KXDUI2BQC1ZQ25O4C,5623940,3
51UQ4XPBN39O7QIOO,6176455,7
VBCVVZPLR5KW0VKDX,2881866,7
KLRH1ZESF492S056H,3829681,3
4M67RWDJ0PY180OMY,896705,17
R7Q4Z9AULIORDJQ9D,1793560,22
Y6PZ8ICUVSNUUVGC6,2222658,15
A4LKAXWACFA995KE1,103661,10
LATSV8PKLN0G0XSCQ,5678194,18
4HER62QO48L3HOLG6,4266756,9
EX2GMK7UHXBM6P2OW,3098522,10
FQJP2PBU50DG45YX3,6425959,9
T3ZXYYXXBKASGDXYG,4554654,16
AERG7GPQIBQXOGOHX,2551375,18
BOWGL6ZFJ8V4E620T,165385,17
DLRDFJ40BGVP9H10W,2130477,6
LATSV8PKLN0G0XSCQ,573764,9
RRS0030J6RHTUQ2RK,6976925,22
73LDIXZVJOQFRMHNZ,1449761,2
MHREEFELDOONUMCHP,5320036,2
V1SRV6QGJWWC8JVW0,4673148,7
4M67RWDJ0PY180OMY,6619756,1
KLRH1ZESF492S056H,2841404,21
0TQ17VI65FDDKT227,278791,6
FGGU9EADWBBLHKHYI,6328167,21
6O996AT92IZ9926S5,503983,17
BJ37EOP5EGMDLO3MP,3537550,13
0TTW5R9RRCJ0A9E5F,6194410,28
1LFTDYT2H0I9ZG3S8,744521,26
0TQ17VI65FDDKT227,3882862,7
JTZWA92S5243CPZDG,5398095,13
D7UUQ6CP4DWYGZF0Z,6689098,20
DJXLPRMY5ZZMANLU6,6864289,28
4M67RWDJ0PY180OMY,3505392,7
HDTGP1H5F336COXZX,5827394,3
XTUS49QJ4P8A8OCOB,4580041,4
I9WWI0Z0BQBBIKN76,6642856,23
XT6P8GPRWDSJSYZKR,6409552,8
Z4HM8TL716AK8U17L,4054952,4
D7UUQ6CP4DWYGZF0Z,4442846,19
KLRH1ZESF492S056H,5261512,8
KLRH1ZESF492S056H,2003414,13
T16X6RLA2J523LYRZ,1555324,21
4HER62QO48L3HOLG6,6697773,26
63FO2A0KBYVLDNRAA,1630614,18
JTZWA92S5243CPZDG,6802720,21
PQHMTD7TS2Q7AM9C6,6949086,2
FGGU9EADWBBLHKHYI,2319944,12
C89YVYS8RINE8LHLO,2272519,23
XT6P8GPRWDSJSYZKR,5032714,21
FDS0N1SJL1R9K1IB4,2311256,26
XTUS49QJ4P8A8OCOB,1791812,17
D0HW4TD0CUW9XJQPX,2765290,10
IGOQX9XYBSRDMOZXT,6440964,8
73LDIXZVJOQFRMHNZ,2485732,21
BJ37EOP5EGMDLO3MP,633040,23
XEVZL0LOYONKMBWZY,2344399,9
6T645BU8TYM8VGXKO,4546342,23
5P7TLU9HROJCCH8XF,2584600,12
869YG73INQB5W1NQT,2567231,25
FQJP2PBU50DG45YX3,4872753,6
NDN0JWDWD4PJPHKO9,2840403,26
V1SRV6QGJWWC8JVW0,1074894,12
VEYQK2P1HT4EDEU8Z,283770,22
L8NOLOQ0MHSBXLPC8,6768059,25
I9WWI0Z0BQBBIKN76,4286255,2
Y9LTUSGD9M83VAB0I,6643654,17
NYD2J0FAEI05SQVAY,3944709,20
7ZQT4ZSYX2JJH3BHK,2961171,19
4HER62QO48L3HOLG6,3740411,13
PEYORPWSHOAUXOPB8,5047189,22
BOWGL6ZFJ8V4E620T,6968289,5
6RNZ6V20ZBCHCCIPT,3079274,17
OEZ236PKMC6MBM3TB,1565678,19
V4LNPTIOKCV53PIHE,6533606,10
U5I6FRV4Z2WTHAYXA,1239850,17
09SYGN7IXDQV5X9IP,3397514,6
VBCVVZPLR5KW0VKDX,4303101,12
KVXACS7SB5O59ARQP,4725305,20
N28ZTD9G5EYTS9PZY,6490895,18
ORSVN3W6R6KI4L6K7,1651110,12
2XCK13Y6KY3FTUJ0T,1387704,2
9Y4LCJDQLDU43LOK4,5479661,2
79KX9A87LHVX4DRM4,444980,3
R6XC1HPW2F2OYGFS2,3047951,1
D7UUQ6CP4DWYGZF0Z,1936630,8
X4YOXMSTBUXXCUOGK,1352101,23
5VVHS1PF81H0K03QN,6114252,10
KCLWQ204AZ5D2W8QN,2509239,12
THJ9OBJH3W6ANRCMS,1220473,7
GTLAUQABS3K1IHWCJ,1312397,9
0TQ17VI65FDDKT227,3393072,9
OBPVWFPY1GIGMACGG,6798572,19
VU97XYAGZZS7LOG4E,6230508,2
HDTGP1H5F336COXZX,5413394,9
MGD1S17DROU71KI80,3613322,2
1LFTDYT2H0I9ZG3S8,5981031,22
3QWPW0GFU2JIA5UE4,4376464,26
FDS0N1SJL1R9K1IB4,3643400,16
3PS05CCLIJVJ8J2KT,1930873,23
5P7TLU9HROJCCH8XF,815089,6
XT6P8GPRWDSJSYZKR,3828167,22
XT6P8GPRWDSJSYZKR,4101457,17
GTLAUQABS3K1IHWCJ,6596273,16
9Y4LCJDQLDU43LOK4,2293843,22
KIULTEGOP4LWPVDNF,1712518,13
KUD4O3VLEGN7O0D3B,738080,26
5SKDNN35BDFYCRZ3T,11735,12
IAXUMLO4Y4HXEEHHC,1327123,6
9G2XZ3XNAY7J6KTJN,1854755,18
4TL0TI5WAALM6P0AH,5606464,15
5VVHS1PF81H0K03QN,6072711,12
LATSV8PKLN0G0XSCQ,3904941,13
7AQPGU50TED28A7G6,5423164,4
0TQ17VI65FDDKT227,3956362,1
LATSV8PKLN0G0XSCQ,6060308,7
H9QCKG6XB01NQCZO9,2475190,8
DWJ0GFUKS12L7Y0G9,2199290,16
2XCK13Y6KY3FTUJ0T,4092850,22
2XCK13Y6KY3FTUJ0T,5186064,18
5CS7MKN5CCCZTYEH8,4954724,12
VEYQK2P1HT4EDEU8Z,1829918,15
6O996AT92IZ9926S5,4063261,2
U5I6FRV4Z2WTHAYXA,5276021,21
G6R001Q73KLXUDPTV,2398829,17
KIULTEGOP4LWPVDNF,3630216,5
R6XC1HPW2F2OYGFS2,4536833,9
7AQPGU50TED28A7G6,3854463,8
THJ9OBJH3W6ANRCMS,6415332,10
977FYO2GIYKZOIEB6,3971447,15
8JB7CPERPX344FYNY,4280670,20
K7OLAZQZTOKBXBQVR,6981106,18
BOWGL6ZFJ8V4E620T,3538424,3
OCCKGZM8DIZCYX3CJ,5080935,21
LMHCV45KAJNLAV6CI,1833246,12
BJ37EOP5EGMDLO3MP,2856339,17
4TL0TI5WAALM6P0AH,1310592,10
LMHCV45KAJNLAV6CI,373118,15
3QWPW0GFU2JIA5UE4,5933590,23
DLRDFJ40BGVP9H10W,1531953,5
WLHSCECOGSRZSUK44,1309343,23
OJQZJBSXV2EELB04H,921860,20
9DQS2WEXYFKHTNXUB,4001786,23
J899WRG0VOOF1WON0,709611,21
GTLAUQABS3K1IHWCJ,3938768,10
K7OLAZQZTOKBXBQVR,4923133,12
7MQU99ZO49YXI2EDE,839989,6
MHREEFELDOONUMCHP,5305022,1
KIULTEGOP4LWPVDNF,5992882,6
NYD2J0FAEI05SQVAY,5005321,22
DWJ0GFUKS12L7Y0G9,1434805,28
XRD31U4F7GM99U92O,189136,17
FBMRRTAV36KC40D1Z,1204326,8
BJ37EOP5EGMDLO3MP,3429355,12
BJ37EOP5EGMDLO3MP,2020335,22
FQJP2PBU50DG45YX3,2953235,17
DWJ0GFUKS12L7Y0G9,2446572,17
1MFXZRYV4MFOBXIAJ,4959864,1
6O996AT92IZ9926S5,3161183,9
KVXACS7SB5O59ARQP,4826795,25
F5AUCVPQMIXFMLKNY,369486,9
7MQU99ZO49YXI2EDE,139503,23
OL2AN4Q8PF7T5DNJA,2142151,20
OQ5Y6DD3YNNZYDOK7,4652433,4
A4JYPUIFCGXQSH8XL,1822355,3
BJSA6PK9IP3QNY0GU,6677554,6
GFMBMLM8423RIAEDD,5667775,25
XEVZL0LOYONKMBWZY,5406999,21
XRD31U4F7GM99U92O,6439221,12
VIOMZ3660T8XTY6RC,4029745,19
1LFTDYT2H0I9ZG3S8,2230039,18
BJ37EOP5EGMDLO3MP,6648809,16
6RNZ6V20ZBCHCCIPT,1373662,15
IC9TR053SOF1562RK,4104298,3
IHBDM8XWHP0LUZ7NR,3613704,6
I9WWI0Z0BQBBIKN76,1787333,6
KIULTEGOP4LWPVDNF,451962,2
SSP73CDZATG8LX9V1,4615890,25
VU97XYAGZZS7LOG4E,4971616,20
5VVHS1PF81H0K03QN,5589364,2
IC9TR053SOF1562RK,4952808,6
THJ9OBJH3W6ANRCMS,1212045,19
MGD1S17DROU71KI80,3452119,19
PQHMTD7TS2Q7AM9C6,1245615,4
BJSA6PK9IP3QNY0GU,3879305,1
7PLLCJPG8BTDR1ND3,1651167,17
VEYQK2P1HT4EDEU8Z,5405662,25
V1SRV6QGJWWC8JVW0,4337528,20
DWJ0GFUKS12L7Y0G9,2938779,8
FA2OC6FGIMI4S37PU,3743922,13
KLRH1ZESF492S056H,1322099,1
IAXUMLO4Y4HXEEHHC,1730865,2
IGOQX9XYBSRDMOZXT,3886835,15
6N7C2M20A97S9IENG,5859387,19
L8NOLOQ0MHSBXLPC8,1666961,22
R7Q4Z9AULIORDJQ9D,6867174,26
PEYORPWSHOAUXOPB8,6902433,6
XRD31U4F7GM99U92O,845709,5
KVXACS7SB5O59ARQP,1822820,5
5P7TLU9HROJCCH8XF,2531221,8
D7UUQ6CP4DWYGZF0Z,6653023,23
09SYGN7IXDQV5X9IP,2317593,13
N28ZTD9G5EYTS9PZY,5302365,12
9F27PNL29KIWUI8V1,3434369,17
BJSA6PK9IP3QNY0GU,5118580,25
G6R001Q73KLXUDPTV,1288937,10
3PS05CCLIJVJ8J2KT,3231802,2
Y144TELK1D0Z0KLVV,3937377,16
VNTN2FOUQHBSVRLKZ,4165084,21
DJXLPRMY5ZZMANLU6,5087190,26
VEYQK2P1HT4EDEU8Z,5023366,2
U01UYM0KLQO7ZMKXL,3563739,20
KLRH1ZESF492S056H,1958388,22
73LDIXZVJOQFRMHNZ,3739887,18
RVDHIRC8T2IA2OUOW,2527163,9
RRS0030J6RHTUQ2RK,1881650,1
VBCVVZPLR5KW0VKDX,4335312,23
OBPVWFPY1GIGMACGG,6769956,17
YVS0D5GU52ULP7YLI,3774523,16
ORSVN3W6R6KI4L6K7,6297425,1
9IL03MCKH41ZX8EVC,2260088,23
KCLWQ204AZ5D2W8QN,1473931,3
PSRCQ6DW4S2N7175C,6797706,9
XTUS49QJ4P8A8OCOB,5139209,15
PSRCQ6DW4S2N7175C,4202278,5
51UQ4XPBN39O7QIOO,3516732,26
AERG7GPQIBQXOGOHX,4262110,4
T16X6RLA2J523LYRZ,2298253,23
V2NG3GK779G8J7A0S,4573696,23
3PS05CCLIJVJ8J2KT,6009204,4
0TTW5R9RRCJ0A9E5F,2712124,26
R6XC1HPW2F2OYGFS2,4173123,23
UXT0SVW2ICMQTZACJ,5167316,17
DLTTACGP89H6U008M,5246919,9
FDS0N1SJL1R9K1IB4,6378550,3
NDN0JWDWD4PJPHKO9,216961,18
9Y4LCJDQLDU43LOK4,1610552,26
IC9TR053SOF1562RK,6738770,25
5P7TLU9HROJCCH8XF,6843768,4
3QWPW0GFU2JIA5UE4,5655231,25
V2NG3GK779G8J7A0S,1545935,15
9NWFWJ38XN31WBFXG,5362385,17
DLRDFJ40BGVP9H10W,6930096,28
KUD4O3VLEGN7O0D3B,594037,4
SKH4GHZSBWP3QGNNK,5812870,4
OQ5Y6DD3YNNZYDOK7,6799054,18
Y144TELK1D0Z0KLVV,5691509,20
9Y4LCJDQLDU43LOK4,5027825,4
OEZ236PKMC6MBM3TB,5235004,13
T3ZXYYXXBKASGDXYG,6048757,4
OBPVWFPY1GIGMACGG,5944446,7
VZPJAHRX89B2CPA40,5413462,1
6T645BU8TYM8VGXKO,2059194,20
H9QCKG6XB01NQCZO9,5513287,23
9DQS2WEXYFKHTNXUB,1888123,28
PQHMTD7TS2Q7AM9C6,2853877,26
0TQ17VI65FDDKT227,3194649,3
K7OLAZQZTOKBXBQVR,6456134,16
A4JYPUIFCGXQSH8XL,6208373,26
J899WRG0VOOF1WON0,955256,12
IHBDM8XWHP0LUZ7NR,545869,17
K2DBNBQ09G1QCCD7W,6114564,26
RVDHIRC8T2IA2OUOW,1233757,20
BUDE132ZGBWCF5SIZ,374090,28
E0ZB60NF3G5K4VREU,6776830,28
1LFTDYT2H0I9ZG3S8,2488254,20
XEVZL0LOYONKMBWZY,5524680,17
IAXUMLO4Y4HXEEHHC,5197272,26
BOWGL6ZFJ8V4E620T,750042,21
A4JYPUIFCGXQSH8XL,5923085,4
OCCKGZM8DIZCYX3CJ,1778749,15
3PS05CCLIJVJ8J2KT,6304536,16
U5I6FRV4Z2WTHAYXA,4800379,20
9NWFWJ38XN31WBFXG,5841565,3
SUK8675QWKY38XUZB,2161495,26
Y9LTUSGD9M83VAB0I,4803162,4
4M67RWDJ0PY180OMY,1706597,22
UOHQ6DHPAN7V486JH,1422955,9
5VVHS1PF81H0K03QN,2770155,4
7PLLCJPG8BTDR1ND3,4359290,18
KXDUI2BQC1ZQ25O4C,1776371,5
QNCADSU9WB6X6JEXE,5241490,20
Y144TELK1D0Z0KLVV,1370956,7
UP8K03IYUM8HZ8NLC,43301,2
T3ZXYYXXBKASGDXYG,3241723,5
YVS0D5GU52ULP7YLI,6666275,25
977FYO2GIYKZOIEB6,3162198,28
RRS0030J6RHTUQ2RK,4600125,28
5P7TLU9HROJCCH8XF,3354609,15
F5AUCVPQMIXFMLKNY,3103135,19
T3ZXYYXXBKASGDXYG,3475386,15
5VVHS1PF81H0K03QN,2392947,28
JTZWA92S5243CPZDG,5316660,20
Z8WH1L99SI8KI6NIV,5298650,22
KXDUI2BQC1ZQ25O4C,4759435,1
XEVZL0LOYONKMBWZY,1564133,22
VBCVVZPLR5KW0VKDX,6930655,1
FGGU9EADWBBLHKHYI,1383528,8
UOHQ6DHPAN7V486JH,6233251,19
XT6P8GPRWDSJSYZKR,3247685,23
9DQS2WEXYFKHTNXUB,379074,17
IGOQX9XYBSRDMOZXT,6517036,2
IGOQX9XYBSRDMOZXT,1314066,23
WLHSCECOGSRZSUK44,4939334,18
869YG73INQB5W1NQT,6963682,10
A4LKAXWACFA995KE1,3388600,6
L8NOLOQ0MHSBXLPC8,242265,3
L8NOLOQ0MHSBXLPC8,2612741,16
FGGU9EADWBBLHKHYI,3260665,26
C89YVYS8RINE8LHLO,3922407,10
4TL0TI5WAALM6P0AH,5767658,26
VHX791SAUG7W7R63P,2343675,2
OQ5Y6DD3YNNZYDOK7,118301,2
VHX791SAUG7W7R63P,2634118,12
VU97XYAGZZS7LOG4E,4922238,15
KUD4O3VLEGN7O0D3B,115445,23
MHREEFELDOONUMCHP,1260586,5
869YG73INQB5W1NQT,3447310,15
4M67RWDJ0PY180OMY,6958942,20
4GM0V34SHZCQY338K,1682170,18
83Y10YDW1OI06N9ZM,5433400,12
LMHCV45KAJNLAV6CI,1601796,17
QNCADSU9WB6X6JEXE,172357,1
6RNZ6V20ZBCHCCIPT,3495590,16
OL2AN4Q8PF7T5DNJA,1850697,15
FXIQJ8T0RNKU5YYZL,921611,12
AXH5M6W00RW6A1MRV,3343407,10
FGGU9EADWBBLHKHYI,5285306,18
F5AUCVPQMIXFMLKNY,2450139,17
XEVZL0LOYONKMBWZY,6256772,16
DWJ0GFUKS12L7Y0G9,4574007,25
IGOQX9XYBSRDMOZXT,5918032,22
RVDHIRC8T2IA2OUOW,1470837,2
63FO2A0KBYVLDNRAA,4319036,10
PQHMTD7TS2Q7AM9C6,5391831,8
K4BAGGWMVBZXC8Z0R,3033568,4
AIQASN1W6XH7O9AI8,2632263,5
ITDKGZGY3D1CQ22P4,1651353,15
U01UYM0KLQO7ZMKXL,971965,16
5P7TLU9HROJCCH8XF,2507895,7
PEYORPWSHOAUXOPB8,1778384,7
KIULTEGOP4LWPVDNF,4973961,12
FQJP2PBU50DG45YX3,3505743,5
GFMBMLM8423RIAEDD,3350211,8
5P7TLU9HROJCCH8XF,5355918,9
4TL0TI5WAALM6P0AH,4057171,19
N28ZTD9G5EYTS9PZY,2940252,20
9NWFWJ38XN31WBFXG,6006638,28
A4LKAXWACFA995KE1,6596400,16
FDS0N1SJL1R9K1IB4,947381,9
2XCK13Y6KY3FTUJ0T,3651314,1
K4BAGGWMVBZXC8Z0R,5592050,2
D0HW4TD0CUW9XJQPX,158173,15
9Y4LCJDQLDU43LOK4,1666816,28
OEZ236PKMC6MBM3TB,3334189,22
KXDUI2BQC1ZQ25O4C,5167695,25
VHX791SAUG7W7R63P,6487086,15
I9WWI0Z0BQBBIKN76,516418,25
AERG7GPQIBQXOGOHX,2044611,6
869YG73INQB5W1NQT,2778233,20
977FYO2GIYKZOIEB6,928774,20
5VVHS1PF81H0K03QN,4137673,13
THJ9OBJH3W6ANRCMS,4204903,26
FQJP2PBU50DG45YX3,1574412,22
V4LNPTIOKCV53PIHE,6715401,22
AIQASN1W6XH7O9AI8,1822379,26
UXT0SVW2ICMQTZACJ,5416578,10
F5AUCVPQMIXFMLKNY,6668906,13
UXT0SVW2ICMQTZACJ,411929,19
KCLWQ204AZ5D2W8QN,6695401,4
MUIZHHC8NUPU3856X,4220810,1
THJ9OBJH3W6ANRCMS,3443949,6
NYD2J0FAEI05SQVAY,5538396,9
BJSA6PK9IP3QNY0GU,6227884,23
SSP73CDZATG8LX9V1,230575,15
U5I6FRV4Z2WTHAYXA,4276980,3
73LDIXZVJOQFRMHNZ,278287,22
869YG73INQB5W1NQT,1425847,23
7PLLCJPG8BTDR1ND3,649511,22
VNTN2FOUQHBSVRLKZ,2012172,3
XEVZL0LOYONKMBWZY,6061391,23
E0ZB60NF3G5K4VREU,5243771,4
7PLLCJPG8BTDR1ND3,4506208,12
KUD4O3VLEGN7O0D3B,4513234,16
3PS05CCLIJVJ8J2KT,4463906,15
0TQ17VI65FDDKT227,392079,26
83Y10YDW1OI06N9ZM,474060,21
ITDKGZGY3D1CQ22P4,2320097,5
UP8K03IYUM8HZ8NLC,6827531,26
ZBRHGSC2D0501QLTX,6886340,1
A4LKAXWACFA995KE1,1245170,15
T16X6RLA2J523LYRZ,6952204,9
GFMBMLM8423RIAEDD,282529,4
BJSA6PK9IP3QNY0GU,1123659,7
U01UYM0KLQO7ZMKXL,5579274,23
LATSV8PKLN0G0XSCQ,6331957,4
Z4HM8TL716AK8U17L,1341349,8
V1SRV6QGJWWC8JVW0,6722472,10
6T645BU8TYM8VGXKO,6809520,16
OL2AN4Q8PF7T5DNJA,4586677,3
C89YVYS8RINE8LHLO,3075996,12
PQHMTD7TS2Q7AM9C6,202236,22
BQLAQGMLUN5Y6VU3U,124114,22
1LFTDYT2H0I9ZG3S8,2800509,12
Z8WH1L99SI8KI6NIV,1121039,1
KIULTEGOP4LWPVDNF,3408909,8
63FO2A0KBYVLDNRAA,3770959,17
IAXUMLO4Y4HXEEHHC,1387286,28
15J0ZCH8C1O665RTF,1999493,10
XRD31U4F7GM99U92O,5512412,23
KCLWQ204AZ5D2W8QN,3107088,8
4HER62QO48L3HOLG6,6092432,15
UP8K03IYUM8HZ8NLC,1867319,7
E0ZB60NF3G5K4VREU,819708,9
WI9LBMXJ0YIBEJ357,6287204,12
PEYORPWSHOAUXOPB8,5790773,17
7MQU99ZO49YXI2EDE,2286475,28
15J0ZCH8C1O665RTF,4452426,5
MGD1S17DROU71KI80,5055251,8
K7OLAZQZTOKBXBQVR,4235338,3
73LDIXZVJOQFRMHNZ,497971,4
U5I6FRV4Z2WTHAYXA,537300,16
JTZWA92S5243CPZDG,2859982,23
63FO2A0KBYVLDNRAA,3479917,23
6T645BU8TYM8VGXKO,5388398,6
5SKDNN35BDFYCRZ3T,5700687,23
UXT0SVW2ICMQTZACJ,5152016,4
4HER62QO48L3HOLG6,6688536,23
L8NOLOQ0MHSBXLPC8,605960,4
LMHCV45KAJNLAV6CI,3574443,20
375WULANW2HVOVK5J,6311234,8
C89YVYS8RINE8LHLO,5265086,25
51UQ4XPBN39O7QIOO,4569395,13
XTUS49QJ4P8A8OCOB,5777981,23
R7Q4Z9AULIORDJQ9D,820792,5
PSRCQ6DW4S2N7175C,1226121,26
1MFXZRYV4MFOBXIAJ,6856607,13
LATSV8PKLN0G0XSCQ,802787,12
KVXACS7SB5O59ARQP,3371026,18
UP8K03IYUM8HZ8NLC,3228201,18
T3ZXYYXXBKASGDXYG,5709486,19
7AQPGU50TED28A7G6,3170556,3
OJQZJBSXV2EELB04H,6428736,5
ITDKGZGY3D1CQ22P4,4232659,18
3QWPW0GFU2JIA5UE4,2531372,19
PSRCQ6DW4S2N7175C,3174498,1
15J0ZCH8C1O665RTF,2554750,19
7MQU99ZO49YXI2EDE,6719556,18
SSP73CDZATG8LX9V1,1279937,1
4M67RWDJ0PY180OMY,3536977,10
A4JYPUIFCGXQSH8XL,1067286,10
E0P3U76BSR8JVOEAS,2812925,5
VU97XYAGZZS7LOG4E,4505349,25
5P7TLU9HROJCCH8XF,6791139,22
JTZWA92S5243CPZDG,1984287,18
XEVZL0LOYONKMBWZY,4552339,12
VIOMZ3660T8XTY6RC,6649579,28
FBMRRTAV36KC40D1Z,6511094,5
9DQS2WEXYFKHTNXUB,5749400,2
BJ37EOP5EGMDLO3MP,2885056,21
BJSA6PK9IP3QNY0GU,6415311,3
BOWGL6ZFJ8V4E620T,1369051,10
VBCVVZPLR5KW0VKDX,4021868,21
VZPJAHRX89B2CPA40,2171267,6
Y144TELK1D0Z0KLVV,6576609,21
KCLWQ204AZ5D2W8QN,4612515,6
IC9TR053SOF1562RK,1534603,2
VZPJAHRX89B2CPA40,740720,10
KLRH1ZESF492S056H,4128904,16
ZBRHGSC2D0501QLTX,1404517,25
375WULANW2HVOVK5J,175005,16
15J0ZCH8C1O665RTF,6954727,20
XT6P8GPRWDSJSYZKR,3455565,16
1MFXZRYV4MFOBXIAJ,3369273,15
VNTN2FOUQHBSVRLKZ,2506489,15
RVDHIRC8T2IA2OUOW,2167685,10
A4LKAXWACFA995KE1,771235,22
VU97XYAGZZS7LOG4E,4067014,19
9IL03MCKH41ZX8EVC,2721365,5
73LDIXZVJOQFRMHNZ,1131411,19
0TTW5R9RRCJ0A9E5F,6206776,6
1LFTDYT2H0I9ZG3S8,6549020,17
NDN0JWDWD4PJPHKO9,4201647,2
09SYGN7IXDQV5X9IP,351804,20
YVS0D5GU52ULP7YLI,260530,8
T3ZXYYXXBKASGDXYG,3891724,13
6O996AT92IZ9926S5,3251282,13
K4BAGGWMVBZXC8Z0R,869072,15
KUD4O3VLEGN7O0D3B,1932124,3
U01UYM0KLQO7ZMKXL,1232541,26
V2NG3GK779G8J7A0S,3291499,19
7ZQT4ZSYX2JJH3BHK,3668497,16
D7UUQ6CP4DWYGZF0Z,5361979,9
0TQ17VI65FDDKT227,1876086,15
FQJP2PBU50DG45YX3,6338727,18
H9QCKG6XB01NQCZO9,2845859,17
ORSVN3W6R6KI4L6K7,4691787,10
THJ9OBJH3W6ANRCMS,1822040,22
3PS05CCLIJVJ8J2KT,5407970,26
WLHSCECOGSRZSUK44,1747233,25
2XCK13Y6KY3FTUJ0T,1763928,5
OJQZJBSXV2EELB04H,3415823,17
IAXUMLO4Y4HXEEHHC,5098784,3
MHREEFELDOONUMCHP,4452883,21
8JB7CPERPX344FYNY,5227763,26
T16X6RLA2J523LYRZ,408046,3
YVS0D5GU52ULP7YLI,5547779,10
7ZQT4ZSYX2JJH3BHK,5831393,2
VHX791SAUG7W7R63P,4454686,3
GTLAUQABS3K1IHWCJ,3416923,4
MGD1S17DROU71KI80,5402493,5
375WULANW2HVOVK5J,5847652,19
VNTN2FOUQHBSVRLKZ,5817860,17
N28ZTD9G5EYTS9PZY,2118268,4
1MFXZRYV4MFOBXIAJ,234833,3
VEYQK2P1HT4EDEU8Z,2004950,12
9Y4LCJDQLDU43LOK4,5073496,15
OL2AN4Q8PF7T5DNJA,2825890,22
OL2AN4Q8PF7T5DNJA,2685136,5
F5AUCVPQMIXFMLKNY,5829890,20
OJQZJBSXV2EELB04H,6205744,25
OCCKGZM8DIZCYX3CJ,2441599,23
K4BAGGWMVBZXC8Z0R,1059828,8
Z4HM8TL716AK8U17L,718323,17
0TQ17VI65FDDKT227,1753174,16
T3ZXYYXXBKASGDXYG,5778469,12
09SYGN7IXDQV5X9IP,5860136,10
VBCVVZPLR5KW0VKDX,2251101,10
Z4HM8TL716AK8U17L,2513654,5
UXT0SVW2ICMQTZACJ,3619247,23
977FYO2GIYKZOIEB6,4243855,4
Z4HM8TL716AK8U17L,4444169,7
VBCVVZPLR5KW0VKDX,5434636,9
FDS0N1SJL1R9K1IB4,3095377,21
D7UUQ6CP4DWYGZF0Z,4253362,7
XRD31U4F7GM99U92O,5538926,20
THJ9OBJH3W6ANRCMS,1597734,1
KUD4O3VLEGN7O0D3B,822176,13
V4LNPTIOKCV53PIHE,4263736,2
15J0ZCH8C1O665RTF,5784104,15
6RNZ6V20ZBCHCCIPT,1981339,6
FDS0N1SJL1R9K1IB4,2503481,6
1MFXZRYV4MFOBXIAJ,245354,16
G6R001Q73KLXUDPTV,4081920,21
DLTTACGP89H6U008M,997644,4
C89YVYS8RINE8LHLO,1297897,15
JTZWA92S5243CPZDG,6809252,19
DWJ0GFUKS12L7Y0G9,2238854,12
9F27PNL29KIWUI8V1,4163492,18
5P7TLU9HROJCCH8XF,6659000,21
R6XC1HPW2F2OYGFS2,4140360,26
WLHSCECOGSRZSUK44,4178209,21
15J0ZCH8C1O665RTF,3354473,12
LYQEIHF686T8C6FUH,6009663,6
R7Q4Z9AULIORDJQ9D,6981986,23
G6R001Q73KLXUDPTV,4803856,7
Y144TELK1D0Z0KLVV,4136417,15
I9WWI0Z0BQBBIKN76,1137612,12
BJSA6PK9IP3QNY0GU,1130648,26
VEYQK2P1HT4EDEU8Z,1100432,9
KCLWQ204AZ5D2W8QN,3043509,26
Y144TELK1D0Z0KLVV,3517015,6
U01UYM0KLQO7ZMKXL,3342647,9
E0P3U76BSR8JVOEAS,443265,10
4TL0TI5WAALM6P0AH,3614496,21
VNTN2FOUQHBSVRLKZ,6556406,18
PQHMTD7TS2Q7AM9C6,4187792,15
XRD31U4F7GM99U92O,1234879,3
Y144TELK1D0Z0KLVV,3327191,18
VHX791SAUG7W7R63P,6469559,19
7MQU99ZO49YXI2EDE,4487999,20
DLRDFJ40BGVP9H10W,5326023,19
GFMBMLM8423RIAEDD,5646943,17
U01UYM0KLQO7ZMKXL,4083470,6
Y144TELK1D0Z0KLVV,6710143,9
OBPVWFPY1GIGMACGG,1108215,1
U5I6FRV4Z2WTHAYXA,4903459,23
OJQZJBSXV2EELB04H,2475361,15
N28ZTD9G5EYTS9PZY,557053,6
OEZ236PKMC6MBM3TB,5442409,2
XYYJ1CS2J4N0KXRG2,356143,25
AXH5M6W00RW6A1MRV,1337363,19
T16X6RLA2J523LYRZ,6188897,20
6RNZ6V20ZBCHCCIPT,6804905,3
KVXACS7SB5O59ARQP,6500484,6
6N7C2M20A97S9IENG,1533519,22
5P7TLU9HROJCCH8XF,2625109,3
KLRH1ZESF492S056H,6191702,23
09SYGN7IXDQV5X9IP,5180313,2
FGGU9EADWBBLHKHYI,295225,17
ORSVN3W6R6KI4L6K7,4097537,16
9Y4LCJDQLDU43LOK4,5722795,21
BOWGL6ZFJ8V4E620T,5391545,28
VBCVVZPLR5KW0VKDX,1777213,8
D0HW4TD0CUW9XJQPX,586500,25
VBCVVZPLR5KW0VKDX,25501,15
PSRCQ6DW4S2N7175C,1877974,6
5P7TLU9HROJCCH8XF,1558387,18
V1SRV6QGJWWC8JVW0,1653854,19
7ZQT4ZSYX2JJH3BHK,5947823,26
BUDE132ZGBWCF5SIZ,4893383,25
VHX791SAUG7W7R63P,6361737,8
AERG7GPQIBQXOGOHX,5421026,26
SUK8675QWKY38XUZB,4789792,28
8JB7CPERPX344FYNY,1088256,4
FDS0N1SJL1R9K1IB4,2161308,19
VBCVVZPLR5KW0VKDX,1317073,17
9Y4LCJDQLDU43LOK4,5186582,9
K2DBNBQ09G1QCCD7W,125948,18
AERG7GPQIBQXOGOHX,1229227,9
A4JYPUIFCGXQSH8XL,2317653,9
H9QCKG6XB01NQCZO9,1746395,19
AXH5M6W00RW6A1MRV,283784,18
1LFTDYT2H0I9ZG3S8,6472843,25
J899WRG0VOOF1WON0,648629,15
7MQU99ZO49YXI2EDE,3173974,12
J899WRG0VOOF1WON0,2041743,2
Y6PZ8ICUVSNUUVGC6,1523897,17
PEYORPWSHOAUXOPB8,2713776,9
UXT0SVW2ICMQTZACJ,2193989,3
D7UUQ6CP4DWYGZF0Z,2924537,22
XTUS49QJ4P8A8OCOB,221301,6
DLTTACGP89H6U008M,1407864,18
VIOMZ3660T8XTY6RC,3475363,25
OJQZJBSXV2EELB04H,4219160,2
KIULTEGOP4LWPVDNF,938290,4
Y144TELK1D0Z0KLVV,3356011,5
E0P3U76BSR8JVOEAS,1437169,18
6T645BU8TYM8VGXKO,5851185,22
7PLLCJPG8BTDR1ND3,1090575,15
XEVZL0LOYONKMBWZY,4867663,25
6O996AT92IZ9926S5,610183,7
L8NOLOQ0MHSBXLPC8,1230040,20
FDS0N1SJL1R9K1IB4,247174,17
R7Q4Z9AULIORDJQ9D,6328786,6
15J0ZCH8C1O665RTF,3573003,21
LATSV8PKLN0G0XSCQ,1327654,25
9DQS2WEXYFKHTNXUB,3022714,1
VIOMZ3660T8XTY6RC,5847110,8
BJSA6PK9IP3QNY0GU,2342152,16
DLTTACGP89H6U008M,3658238,25
4GM0V34SHZCQY338K,1129992,6
UXT0SVW2ICMQTZACJ,6439201,9
OQ5Y6DD3YNNZYDOK7,4317003,20
9DQS2WEXYFKHTNXUB,1060167,15
UOHQ6DHPAN7V486JH,3235609,22
KXDUI2BQC1ZQ25O4C,1511900,17
V2NG3GK779G8J7A0S,2491456,20
7AQPGU50TED28A7G6,4533649,23
FGGU9EADWBBLHKHYI,912892,6
R6XC1HPW2F2OYGFS2,3475923,15
63FO2A0KBYVLDNRAA,439857,9
UP8K03IYUM8HZ8NLC,1736492,12
OEZ236PKMC6MBM3TB,1476135,7
A4LKAXWACFA995KE1,1213974,9
7AQPGU50TED28A7G6,6470246,18
DLTTACGP89H6U008M,522028,2
K7OLAZQZTOKBXBQVR,578686,8
N28ZTD9G5EYTS9PZY,1588630,25
KXDUI2BQC1ZQ25O4C,3178331,26
WLHSCECOGSRZSUK44,2495341,9
KLRH1ZESF492S056H,3678298,17
D0HW4TD0CUW9XJQPX,4106919,7
UP8K03IYUM8HZ8NLC,784713,6
9NWFWJ38XN31WBFXG,6977386,21
WI9LBMXJ0YIBEJ357,2319643,8
AIQASN1W6XH7O9AI8,1531279,9
V2NG3GK779G8J7A0S,5173762,7
GTLAUQABS3K1IHWCJ,1841865,28
OEZ236PKMC6MBM3TB,3456754,5
IHBDM8XWHP0LUZ7NR,387460,3
K4BAGGWMVBZXC8Z0R,5710244,3
UOHQ6DHPAN7V486JH,1265770,17
VBCVVZPLR5KW0VKDX,6877251,4
RVDHIRC8T2IA2OUOW,1688617,16
3PS05CCLIJVJ8J2KT,252139,1
FGGU9EADWBBLHKHYI,5968839,28
PQHMTD7TS2Q7AM9C6,288625,25
U5I6FRV4Z2WTHAYXA,3442761,7
RRS0030J6RHTUQ2RK,6907325,4
MHREEFELDOONUMCHP,3618715,7
IC9TR053SOF1562RK,3442049,4
ZBRHGSC2D0501QLTX,6436728,9
DLRDFJ40BGVP9H10W,6870409,21
K2DBNBQ09G1QCCD7W,4407568,2
D7UUQ6CP4DWYGZF0Z,4341201,3
RVDHIRC8T2IA2OUOW,2718361,25
5P7TLU9HROJCCH8XF,2842759,20
NDN0JWDWD4PJPHKO9,2826817,20
73LDIXZVJOQFRMHNZ,54363,28
BJ37EOP5EGMDLO3MP,761132,4
X4YOXMSTBUXXCUOGK,2059956,18
8JB7CPERPX344FYNY,6758336,10
FQJP2PBU50DG45YX3,4120815,13
NYD2J0FAEI05SQVAY,6941726,8
X4YOXMSTBUXXCUOGK,5079079,22
Y6PZ8ICUVSNUUVGC6,1344482,25
H9QCKG6XB01NQCZO9,2407770,2
KIULTEGOP4LWPVDNF,4275645,22
KXDUI2BQC1ZQ25O4C,3473247,20
6O996AT92IZ9926S5,2734935,10
IAXUMLO4Y4HXEEHHC,4095087,10
AERG7GPQIBQXOGOHX,1074921,7
9Y4LCJDQLDU43LOK4,6454171,20
GTLAUQABS3K1IHWCJ,4959945,20
DWJ0GFUKS12L7Y0G9,1138495,22
5VVHS1PF81H0K03QN,160123,23
IAXUMLO4Y4HXEEHHC,5852624,19
869YG73INQB5W1NQT,3997168,26
RRS0030J6RHTUQ2RK,2776393,13
ZBRHGSC2D0501QLTX,4140140,8
KXDUI2BQC1ZQ25O4C,6829780,12
7AQPGU50TED28A7G6,4871576,6
UOHQ6DHPAN7V486JH,2508835,25
BQLAQGMLUN5Y6VU3U,1445794,21
KIULTEGOP4LWPVDNF,1677899,17
XTUS49QJ4P8A8OCOB,4629726,22
V1SRV6QGJWWC8JVW0,6381841,21
83Y10YDW1OI06N9ZM,4892600,9
WI9LBMXJ0YIBEJ357,2157740,22
FQJP2PBU50DG45YX3,2745875,25
N28ZTD9G5EYTS9PZY,6861702,7
WI9LBMXJ0YIBEJ357,2485344,21
SUK8675QWKY38XUZB,6321858,19
0TTW5R9RRCJ0A9E5F,2094912,12
UP8K03IYUM8HZ8NLC,4729770,8
6N7C2M20A97S9IENG,5220133,17
G6R001Q73KLXUDPTV,1934841,13
Y144TELK1D0Z0KLVV,1081026,25
D7UUQ6CP4DWYGZF0Z,1708688,6
BOWGL6ZFJ8V4E620T,6532728,22
FGGU9EADWBBLHKHYI,5861830,5
L8NOLOQ0MHSBXLPC8,6750416,10
U5I6FRV4Z2WTHAYXA,4432701,25
51UQ4XPBN39O7QIOO,994289,4
7MQU99ZO49YXI2EDE,5285451,1
MHREEFELDOONUMCHP,2819535,3
ZBRHGSC2D0501QLTX,6923081,7
T3ZXYYXXBKASGDXYG,2171645,26
9G2XZ3XNAY7J6KTJN,4950485,19
N28ZTD9G5EYTS9PZY,891367,22
9F27PNL29KIWUI8V1,1536996,8
GFMBMLM8423RIAEDD,3580333,26
OEZ236PKMC6MBM3TB,6990842,20
IAXUMLO4Y4HXEEHHC,342967,1
OJQZJBSXV2EELB04H,6155428,13
FQJP2PBU50DG45YX3,3768224,28
8JB7CPERPX344FYNY,1329291,5
KCLWQ204AZ5D2W8QN,3181959,25
K2DBNBQ09G1QCCD7W,3321690,5
PSRCQ6DW4S2N7175C,5534270,7
VEYQK2P1HT4EDEU8Z,802401,16
V4LNPTIOKCV53PIHE,2430663,18
79KX9A87LHVX4DRM4,3957651,15
BJ37EOP5EGMDLO3MP,5291783,2
9G2XZ3XNAY7J6KTJN,2764099,6
AIQASN1W6XH7O9AI8,5461014,16
VU97XYAGZZS7LOG4E,3106478,18
DLRDFJ40BGVP9H10W,2114783,13
OCCKGZM8DIZCYX3CJ,4657896,26
UOHQ6DHPAN7V486JH,4498371,18
G6R001Q73KLXUDPTV,5617718,9
Y144TELK1D0Z0KLVV,5771333,4
A4LKAXWACFA995KE1,4807595,17
DLTTACGP89H6U008M,6326697,17
BQLAQGMLUN5Y6VU3U,6468219,12
0TQ17VI65FDDKT227,2513270,17
PQHMTD7TS2Q7AM9C6,1208926,16
VNTN2FOUQHBSVRLKZ,6210272,28
15J0ZCH8C1O665RTF,4780711,25
7MQU99ZO49YXI2EDE,6975309,16
LMHCV45KAJNLAV6CI,2950138,22
KLRH1ZESF492S056H,5580734,15
KXDUI2BQC1ZQ25O4C,4671802,9
L8NOLOQ0MHSBXLPC8,5170930,12
IGOQX9XYBSRDMOZXT,5325898,4
LATSV8PKLN0G0XSCQ,6153478,20
FXIQJ8T0RNKU5YYZL,6006135,9
KVXACS7SB5O59ARQP,1064298,9
8JB7CPERPX344FYNY,4346586,9
BUDE132ZGBWCF5SIZ,348908,19
LYQEIHF686T8C6FUH,3965908,10
NDN0JWDWD4PJPHKO9,6429513,8
XTUS49QJ4P8A8OCOB,3327801,10
1MFXZRYV4MFOBXIAJ,6878343,4
HDTGP1H5F336COXZX,4634584,18
3QWPW0GFU2JIA5UE4,4102520,20
4HER62QO48L3HOLG6,6318989,2
6O996AT92IZ9926S5,5690790,3
MUIZHHC8NUPU3856X,6170376,6
D7UUQ6CP4DWYGZF0Z,4288701,10
9G2XZ3XNAY7J6KTJN,2000287,15
51UQ4XPBN39O7QIOO,666706,23
UOHQ6DHPAN7V486JH,2407261,12
RRS0030J6RHTUQ2RK,3911800,26
OEZ236PKMC6MBM3TB,6800238,28
9Y4LCJDQLDU43LOK4,2518286,25
Z8WH1L99SI8KI6NIV,5652119,12
MUIZHHC8NUPU3856X,4478847,8
SUK8675QWKY38XUZB,2090460,10
UP8K03IYUM8HZ8NLC,6470159,25
51UQ4XPBN39O7QIOO,2311833,21
G6R001Q73KLXUDPTV,2078711,28
OJQZJBSXV2EELB04H,69718,22
3PS05CCLIJVJ8J2KT,451793,13
Y9LTUSGD9M83VAB0I,6636692,12
FA2OC6FGIMI4S37PU,2146469,17
5SKDNN35BDFYCRZ3T,6029305,10
3PS05CCLIJVJ8J2KT,6995032,3
BUDE132ZGBWCF5SIZ,1649655,21
R7Q4Z9AULIORDJQ9D,2011030,2
6O996AT92IZ9926S5,6759240,18
XYYJ1CS2J4N0KXRG2,2286634,2
Z4HM8TL716AK8U17L,599130,16
OCCKGZM8DIZCYX3CJ,5934782,25
3PS05CCLIJVJ8J2KT,4603007,12
6T645BU8TYM8VGXKO,3412321,4
MHREEFELDOONUMCHP,2979898,22
AIQASN1W6XH7O9AI8,218639,22
UP8K03IYUM8HZ8NLC,3500454,16
R6XC1HPW2F2OYGFS2,2425291,5
E0ZB60NF3G5K4VREU,1926614,26
MHREEFELDOONUMCHP,4909765,4
7MQU99ZO49YXI2EDE,3084872,21
BUDE132ZGBWCF5SIZ,1866228,1
FGGU9EADWBBLHKHYI,3743164,16
51UQ4XPBN39O7QIOO,530410,22
9DQS2WEXYFKHTNXUB,6241702,22
LATSV8PKLN0G0XSCQ,5082442,17
UXT0SVW2ICMQTZACJ,747529,18
79KX9A87LHVX4DRM4,2804329,16
MHREEFELDOONUMCHP,6869967,18
5CS7MKN5CCCZTYEH8,3712520,3
KIULTEGOP4LWPVDNF,5054351,3
SSP73CDZATG8LX9V1,4914402,21
AERG7GPQIBQXOGOHX,4503738,3
PQHMTD7TS2Q7AM9C6,218801,12
PEYORPWSHOAUXOPB8,4024884,5
GFMBMLM8423RIAEDD,4482861,6
SUK8675QWKY38XUZB,5918581,4
UOHQ6DHPAN7V486JH,1125428,6
WI9LBMXJ0YIBEJ357,2550715,3
MGD1S17DROU71KI80,930036,10
8JB7CPERPX344FYNY,6857437,22
DLTTACGP89H6U008M,2213263,5
4GM0V34SHZCQY338K,1871270,16
KIULTEGOP4LWPVDNF,6011472,15
MGD1S17DROU71KI80,2609387,1
51UQ4XPBN39O7QIOO,3059103,28
K7OLAZQZTOKBXBQVR,4379187,5
T16X6RLA2J523LYRZ,6518043,28
K2DBNBQ09G1QCCD7W,2845072,10
OEZ236PKMC6MBM3TB,5613298,26
0TQ17VI65FDDKT227,4272953,12
7PLLCJPG8BTDR1ND3,6505239,23
6O996AT92IZ9926S5,2066744,1
3PS05CCLIJVJ8J2KT,63205,9
NYD2J0FAEI05SQVAY,1784401,23
9F27PNL29KIWUI8V1,2034892,3
83Y10YDW1OI06N9ZM,1056883,1
XRD31U4F7GM99U92O,5139892,13
XEVZL0LOYONKMBWZY,2665100,6
JTZWA92S5243CPZDG,6423170,17
FXIQJ8T0RNKU5YYZL,520407,10
63FO2A0KBYVLDNRAA,224608,1
EX2GMK7UHXBM6P2OW,5629742,6
OEZ236PKMC6MBM3TB,1447327,4
7MQU99ZO49YXI2EDE,1553123,10
JTZWA92S5243CPZDG,2421050,4
79KX9A87LHVX4DRM4,6581377,26
H9QCKG6XB01NQCZO9,4975213,16
VBCVVZPLR5KW0VKDX,1164912,16
V2NG3GK779G8J7A0S,2496778,26
DLTTACGP89H6U008M,3093412,7
LMHCV45KAJNLAV6CI,3055746,10
V4LNPTIOKCV53PIHE,6568928,15
A4JYPUIFCGXQSH8XL,2377848,15
5P7TLU9HROJCCH8XF,6290012,28
4M67RWDJ0PY180OMY,5359523,21
V1SRV6QGJWWC8JVW0,449803,3
3PS05CCLIJVJ8J2KT,6571067,6
73LDIXZVJOQFRMHNZ,4360154,9
FXIQJ8T0RNKU5YYZL,5728828,1
VBCVVZPLR5KW0VKDX,2128764,5
ZBRHGSC2D0501QLTX,3201876,4
OEZ236PKMC6MBM3TB,3110702,3
VHX791SAUG7W7R63P,3982436,21
375WULANW2HVOVK5J,4298190,2
QNCADSU9WB6X6JEXE,4357522,15
HDTGP1H5F336COXZX,1151931,6
3PS05CCLIJVJ8J2KT,6774899,22
VU97XYAGZZS7LOG4E,479463,16
79KX9A87LHVX4DRM4,4016885,25
4TL0TI5WAALM6P0AH,6126426,9
SKH4GHZSBWP3QGNNK,1310725,10
51UQ4XPBN39O7QIOO,6708638,18
J899WRG0VOOF1WON0,2670762,7
AERG7GPQIBQXOGOHX,3653575,8
JTZWA92S5243CPZDG,5999870,26
XT6P8GPRWDSJSYZKR,3678431,26
G6R001Q73KLXUDPTV,2275812,18
U5I6FRV4Z2WTHAYXA,1472253,8
UXT0SVW2ICMQTZACJ,2555211,6
5VVHS1PF81H0K03QN,2119833,18
4HER62QO48L3HOLG6,5548068,25
6N7C2M20A97S9IENG,1651474,9
51UQ4XPBN39O7QIOO,6895121,8
E0ZB60NF3G5K4VREU,2150055,23
VEYQK2P1HT4EDEU8Z,4245105,23
SSP73CDZATG8LX9V1,849540,16
T16X6RLA2J523LYRZ,3641469,26
XYYJ1CS2J4N0KXRG2,4835785,3
6N7C2M20A97S9IENG,4127804,13
SKH4GHZSBWP3QGNNK,2353294,26
OEZ236PKMC6MBM3TB,2455003,23
K4BAGGWMVBZXC8Z0R,5529820,17
QNCADSU9WB6X6JEXE,5338605,8
0TQ17VI65FDDKT227,2539336,8
AERG7GPQIBQXOGOHX,2314582,21
Y6PZ8ICUVSNUUVGC6,6263807,12
PQHMTD7TS2Q7AM9C6,3224915,10
XTUS49QJ4P8A8OCOB,5033654,1
LYQEIHF686T8C6FUH,406650,13
DWJ0GFUKS12L7Y0G9,243264,26
5SKDNN35BDFYCRZ3T,3661314,17
DLTTACGP89H6U008M,3793103,26
XYYJ1CS2J4N0KXRG2,4263296,13
0TTW5R9RRCJ0A9E5F,366744,21
9NWFWJ38XN31WBFXG,2201417,4
Y6PZ8ICUVSNUUVGC6,2672123,2
9NWFWJ38XN31WBFXG,3284541,10
869YG73INQB5W1NQT,3501187,2
R7Q4Z9AULIORDJQ9D,571481,28
R7Q4Z9AULIORDJQ9D,1142962,28
G6R001Q73KLXUDPTV,3930781,1
FDS0N1SJL1R9K1IB4,6165600,4
U5I6FRV4Z2WTHAYXA,6200003,9
MUIZHHC8NUPU3856X,6426807,17
Z8WH1L99SI8KI6NIV,1653569,28
OL2AN4Q8PF7T5DNJA,4036059,23
79KX9A87LHVX4DRM4,876909,4
BJ37EOP5EGMDLO3MP,2496844,19
XYYJ1CS2J4N0KXRG2,4838700,18
63FO2A0KBYVLDNRAA,3792341,7
1MFXZRYV4MFOBXIAJ,3119110,7
FA2OC6FGIMI4S37PU,2240002,18
KVXACS7SB5O59ARQP,641916,10
LYQEIHF686T8C6FUH,5146734,2
9NWFWJ38XN31WBFXG,4695833,8
VBCVVZPLR5KW0VKDX,4763352,25
SSP73CDZATG8LX9V1,435807,9
DLRDFJ40BGVP9H10W,6619199,10
PSRCQ6DW4S2N7175C,430894,13
KVXACS7SB5O59ARQP,3759423,19
E0ZB60NF3G5K4VREU,6880761,19
G6R001Q73KLXUDPTV,4097831,4
BOWGL6ZFJ8V4E620T,4850668,23
X4YOXMSTBUXXCUOGK,5755435,15
D0HW4TD0CUW9XJQPX,4811137,6
9NWFWJ38XN31WBFXG,4695833,8
FA2OC6FGIMI4S37PU,3204765,16
Z8WH1L99SI8KI6NIV,1325648,26
VIOMZ3660T8XTY6RC,4606391,2
1MFXZRYV4MFOBXIAJ,273300,8
NYD2J0FAEI05SQVAY,6759032,26
LATSV8PKLN0G0XSCQ,3994330,1
Y9LTUSGD9M83VAB0I,571663,15
6N7C2M20A97S9IENG,6705326,12
U01UYM0KLQO7ZMKXL,6303570,19
OL2AN4Q8PF7T5DNJA,4102367,9
U01UYM0KLQO7ZMKXL,642608,28
9G2XZ3XNAY7J6KTJN,4127179,9
FGGU9EADWBBLHKHYI,651392,19
4M67RWDJ0PY180OMY,495098,13
79KX9A87LHVX4DRM4,6975062,13
ITDKGZGY3D1CQ22P4,5043265,9
FXIQJ8T0RNKU5YYZL,2866579,8
KLRH1ZESF492S056H,2552608,26
VIOMZ3660T8XTY6RC,6991126,4
H9QCKG6XB01NQCZO9,3277504,18
LATSV8PKLN0G0XSCQ,4357563,2
FGGU9EADWBBLHKHYI,991243,7
